model,macro_f1,micro_f1
logistic_regression,0.24486671128792878,0.5368916797488226
svm,0.13474427478575512,0.5301645338208409
random_forest,0.11132494071439158,0.46938775510204084
