{
  "source": "reddit",
  "model": "bert-base-uncased-final",
  "use_smote": true,
  "macro_f1": 0.3123455217693864,
  "micro_f1": 0.4557213930348259,
  "subset_accuracy": 0.009900990099009901,
  "hamming_loss": 0.338490099009901,
  "macro_precision": 0.26278749172087806,
  "macro_recall": 0.50598629368468,
  "micro_precision": 0.34802431610942247,
  "micro_recall": 0.659942363112392,
  "best_thresholds": [
    0.45,
    0.4,
    0.5,
    0.4,
    0.6000000000000001,
    0.4,
    0.4,
    0.4,
    0.45,
    0.4,
    0.30000000000000004,
    0.30000000000000004,
    0.30000000000000004,
    0.35000000000000003,
    0.4,
    0.30000000000000004
  ],
  "train_size": 1072,
  "val_size": 50,
  "test_size": 101,
  "num_labels": 16,
  "label_f1_scores": {
    "ask a genuine question": 0.48,
    "ask a rhetorical question": 0.41379310344827586,
    "provide a fact or claim": 0.6870229007633588,
    "provide an observation": 0.5846153846153846,
    "express their opinion": 0.8938547486033519,
    "express others opinions": 0.0,
    "money aid allocation": 0.07142857142857142,
    "government critique": 0.13793103448275862,
    "societal critique": 0.13793103448275862,
    "solutions/interventions": 0.46017699115044247,
    "personal interaction": 0.23404255319148937,
    "media portrayal": 0.2222222222222222,
    "not in my backyard": 0.4,
    "harmful generalization": 0.27450980392156865,
    "deserving/undeserving": 0.0,
    "racist": 0.0
  },
  "label_precision_scores": {
    "ask a genuine question": 0.46153846153846156,
    "ask a rhetorical question": 0.3333333333333333,
    "provide a fact or claim": 0.625,
    "provide an observation": 0.5588235294117647,
    "express their opinion": 0.8247422680412371,
    "express others opinions": 0.0,
    "money aid allocation": 0.09090909090909091,
    "government critique": 0.18181818181818182,
    "societal critique": 0.11764705882352941,
    "solutions/interventions": 0.32098765432098764,
    "personal interaction": 0.13253012048192772,
    "media portrayal": 0.125,
    "not in my backyard": 0.26153846153846155,
    "harmful generalization": 0.17073170731707318,
    "deserving/undeserving": 0.0,
    "racist": 0.0
  },
  "label_recall_scores": {
    "ask a genuine question": 0.5,
    "ask a rhetorical question": 0.5454545454545454,
    "provide a fact or claim": 0.7627118644067796,
    "provide an observation": 0.6129032258064516,
    "express their opinion": 0.975609756097561,
    "express others opinions": 0.0,
    "money aid allocation": 0.058823529411764705,
    "government critique": 0.1111111111111111,
    "societal critique": 0.16666666666666666,
    "solutions/interventions": 0.8125,
    "personal interaction": 1.0,
    "media portrayal": 1.0,
    "not in my backyard": 0.85,
    "harmful generalization": 0.7,
    "deserving/undeserving": 0.0,
    "racist": 0.0
  },
  "label_accuracy_scores": {
    "ask a genuine question": 0.8712871287128713,
    "ask a rhetorical question": 0.8316831683168316,
    "provide a fact or claim": 0.594059405940594,
    "provide an observation": 0.7326732673267327,
    "express their opinion": 0.8118811881188119,
    "express others opinions": 0.7227722772277227,
    "money aid allocation": 0.7425742574257426,
    "government critique": 0.7524752475247525,
    "societal critique": 0.7524752475247525,
    "solutions/interventions": 0.39603960396039606,
    "personal interaction": 0.2871287128712871,
    "media portrayal": 0.5148514851485149,
    "not in my backyard": 0.49504950495049505,
    "harmful generalization": 0.6336633663366337,
    "deserving/undeserving": 0.8316831683168316,
    "racist": 0.6138613861386139
  },
  "label_support_pos": {
    "ask a genuine question": 12,
    "ask a rhetorical question": 11,
    "provide a fact or claim": 59,
    "provide an observation": 31,
    "express their opinion": 82,
    "express others opinions": 9,
    "money aid allocation": 17,
    "government critique": 18,
    "societal critique": 12,
    "solutions/interventions": 32,
    "personal interaction": 11,
    "media portrayal": 7,
    "not in my backyard": 20,
    "harmful generalization": 10,
    "deserving/undeserving": 14,
    "racist": 2
  },
  "label_support_neg": {
    "ask a genuine question": 89,
    "ask a rhetorical question": 90,
    "provide a fact or claim": 42,
    "provide an observation": 70,
    "express their opinion": 19,
    "express others opinions": 92,
    "money aid allocation": 84,
    "government critique": 83,
    "societal critique": 89,
    "solutions/interventions": 69,
    "personal interaction": 90,
    "media portrayal": 94,
    "not in my backyard": 81,
    "harmful generalization": 91,
    "deserving/undeserving": 87,
    "racist": 99
  },
  "label_roc_auc": {
    "ask a genuine question": 0.8258426966292135,
    "ask a rhetorical question": 0.7818181818181819,
    "provide a fact or claim": 0.6206618240516545,
    "provide an observation": 0.8188940092165898,
    "express their opinion": 0.6887034659820283,
    "express others opinions": 0.4468599033816425,
    "money aid allocation": 0.6589635854341737,
    "government critique": 0.6961178045515395,
    "societal critique": 0.502808988764045,
    "solutions/interventions": 0.6730072463768116,
    "personal interaction": 0.7797979797979798,
    "media portrayal": 0.7841945288753799,
    "not in my backyard": 0.688888888888889,
    "harmful generalization": 0.7681318681318682,
    "deserving/undeserving": 0.5779967159277505,
    "racist": 0.4696969696969697
  },
  "label_average_precision": {
    "ask a genuine question": 0.4396430073911852,
    "ask a rhetorical question": 0.4725979850000226,
    "provide a fact or claim": 0.7370698206646681,
    "provide an observation": 0.7183199296293412,
    "express their opinion": 0.9125448580641887,
    "express others opinions": 0.08300447262762824,
    "money aid allocation": 0.25169681988717446,
    "government critique": 0.28144561439020854,
    "societal critique": 0.135948680952942,
    "solutions/interventions": 0.5334932470860699,
    "personal interaction": 0.26394317870559414,
    "media portrayal": 0.17643864563369208,
    "not in my backyard": 0.3592380046685134,
    "harmful generalization": 0.3072404017912631,
    "deserving/undeserving": 0.20441255836177055,
    "racist": 0.027205882352941177
  },
  "synthetic_counts_per_category": {
    "ask a genuine question": 24,
    "ask a rhetorical question": 32,
    "provide a fact or claim": 0,
    "provide an observation": 30,
    "express their opinion": 0,
    "express others opinions": 70,
    "money aid allocation": 59,
    "government critique": 60,
    "societal critique": 44,
    "solutions/interventions": 0,
    "personal interaction": 67,
    "media portrayal": 89,
    "not in my backyard": 27,
    "harmful generalization": 57,
    "deserving/undeserving": 68,
    "racist": 96
  },
  "total_synthetic_samples": 723
}