{
  "source": "reddit",
  "model": "bert-base-uncased-final",
  "use_smote": false,
  "macro_f1": 0.2545059245352002,
  "micro_f1": 0.42504409171075835,
  "subset_accuracy": 0.0,
  "hamming_loss": 0.4034653465346535,
  "macro_precision": 0.19468892065088705,
  "macro_recall": 0.4927602898084108,
  "micro_precision": 0.3062261753494282,
  "micro_recall": 0.6945244956772334,
  "best_thresholds": [
    0.4,
    0.5,
    0.5,
    0.45,
    0.55,
    0.4,
    0.4,
    0.4,
    0.35000000000000003,
    0.45,
    0.45,
    0.35000000000000003,
    0.30000000000000004,
    0.5,
    0.5,
    0.35000000000000003
  ],
  "train_size": 349,
  "val_size": 50,
  "test_size": 101,
  "num_labels": 16,
  "label_f1_scores": {
    "ask a genuine question": 0.27692307692307694,
    "ask a rhetorical question": 0.0,
    "provide a fact or claim": 0.7515923566878981,
    "provide an observation": 0.5306122448979592,
    "express their opinion": 0.8670520231213873,
    "express others opinions": 0.0,
    "money aid allocation": 0.18604651162790697,
    "government critique": 0.125,
    "societal critique": 0.1836734693877551,
    "solutions/interventions": 0.43243243243243246,
    "personal interaction": 0.25,
    "media portrayal": 0.1411764705882353,
    "not in my backyard": 0.3275862068965517,
    "harmful generalization": 0.0,
    "deserving/undeserving": 0.0,
    "racist": 0.0
  },
  "label_precision_scores": {
    "ask a genuine question": 0.16981132075471697,
    "ask a rhetorical question": 0.0,
    "provide a fact or claim": 0.6020408163265306,
    "provide an observation": 0.3880597014925373,
    "express their opinion": 0.8241758241758241,
    "express others opinions": 0.0,
    "money aid allocation": 0.15384615384615385,
    "government critique": 0.14285714285714285,
    "societal critique": 0.10465116279069768,
    "solutions/interventions": 0.3037974683544304,
    "personal interaction": 0.1509433962264151,
    "media portrayal": 0.07692307692307693,
    "not in my backyard": 0.19791666666666666,
    "harmful generalization": 0.0,
    "deserving/undeserving": 0.0,
    "racist": 0.0
  },
  "label_recall_scores": {
    "ask a genuine question": 0.75,
    "ask a rhetorical question": 0.0,
    "provide a fact or claim": 1.0,
    "provide an observation": 0.8387096774193549,
    "express their opinion": 0.9146341463414634,
    "express others opinions": 0.0,
    "money aid allocation": 0.23529411764705882,
    "government critique": 0.1111111111111111,
    "societal critique": 0.75,
    "solutions/interventions": 0.75,
    "personal interaction": 0.7272727272727273,
    "media portrayal": 0.8571428571428571,
    "not in my backyard": 0.95,
    "harmful generalization": 0.0,
    "deserving/undeserving": 0.0,
    "racist": 0.0
  },
  "label_accuracy_scores": {
    "ask a genuine question": 0.5346534653465347,
    "ask a rhetorical question": 0.8910891089108911,
    "provide a fact or claim": 0.6138613861386139,
    "provide an observation": 0.5445544554455446,
    "express their opinion": 0.7722772277227723,
    "express others opinions": 0.7227722772277227,
    "money aid allocation": 0.6534653465346535,
    "government critique": 0.7227722772277227,
    "societal critique": 0.2079207920792079,
    "solutions/interventions": 0.37623762376237624,
    "personal interaction": 0.5247524752475248,
    "media portrayal": 0.27722772277227725,
    "not in my backyard": 0.22772277227722773,
    "harmful generalization": 0.900990099009901,
    "deserving/undeserving": 0.8613861386138614,
    "racist": 0.7128712871287128
  },
  "label_support_pos": {
    "ask a genuine question": 12,
    "ask a rhetorical question": 11,
    "provide a fact or claim": 59,
    "provide an observation": 31,
    "express their opinion": 82,
    "express others opinions": 9,
    "money aid allocation": 17,
    "government critique": 18,
    "societal critique": 12,
    "solutions/interventions": 32,
    "personal interaction": 11,
    "media portrayal": 7,
    "not in my backyard": 20,
    "harmful generalization": 10,
    "deserving/undeserving": 14,
    "racist": 2
  },
  "label_support_neg": {
    "ask a genuine question": 89,
    "ask a rhetorical question": 90,
    "provide a fact or claim": 42,
    "provide an observation": 70,
    "express their opinion": 19,
    "express others opinions": 92,
    "money aid allocation": 84,
    "government critique": 83,
    "societal critique": 89,
    "solutions/interventions": 69,
    "personal interaction": 90,
    "media portrayal": 94,
    "not in my backyard": 81,
    "harmful generalization": 91,
    "deserving/undeserving": 87,
    "racist": 99
  },
  "label_roc_auc": {
    "ask a genuine question": 0.7050561797752809,
    "ask a rhetorical question": 0.502020202020202,
    "provide a fact or claim": 0.6376109765940274,
    "provide an observation": 0.6986175115207374,
    "express their opinion": 0.6540436456996149,
    "express others opinions": 0.22826086956521735,
    "money aid allocation": 0.5084033613445379,
    "government critique": 0.5414993306559571,
    "societal critique": 0.3146067415730337,
    "solutions/interventions": 0.4510869565217392,
    "personal interaction": 0.6404040404040404,
    "media portrayal": 0.41337386018237077,
    "not in my backyard": 0.615432098765432,
    "harmful generalization": 0.5241758241758241,
    "deserving/undeserving": 0.47126436781609193,
    "racist": 0.3686868686868687
  },
  "label_average_precision": {
    "ask a genuine question": 0.2621223221994203,
    "ask a rhetorical question": 0.13001995006328343,
    "provide a fact or claim": 0.6565686443482549,
    "provide an observation": 0.5699971223846316,
    "express their opinion": 0.8893040002381367,
    "express others opinions": 0.0612743816544965,
    "money aid allocation": 0.1680275616500806,
    "government critique": 0.19207285347407688,
    "societal critique": 0.0888896581999592,
    "solutions/interventions": 0.3330292421290978,
    "personal interaction": 0.17402073044122254,
    "media portrayal": 0.07853567636635378,
    "not in my backyard": 0.2554566873851427,
    "harmful generalization": 0.14702704568673267,
    "deserving/undeserving": 0.1366366623441805,
    "racist": 0.022983976884686105
  },
  "synthetic_counts_per_category": null,
  "total_synthetic_samples": null
}