category,f1_score,precision,recall,threshold,synthetic_added
ask a genuine question,0.27692307692307694,0.16981132075471697,0.75,0.4,0
ask a rhetorical question,0.0,0.0,0.0,0.5,0
provide a fact or claim,0.7515923566878981,0.6020408163265306,1.0,0.5,0
provide an observation,0.5306122448979592,0.3880597014925373,0.8387096774193549,0.45,0
express their opinion,0.8670520231213873,0.8241758241758241,0.9146341463414634,0.55,0
express others opinions,0.0,0.0,0.0,0.4,0
money aid allocation,0.18604651162790697,0.15384615384615385,0.23529411764705882,0.4,0
government critique,0.125,0.14285714285714285,0.1111111111111111,0.4,0
societal critique,0.1836734693877551,0.10465116279069768,0.75,0.35000000000000003,0
solutions/interventions,0.43243243243243246,0.3037974683544304,0.75,0.45,0
personal interaction,0.25,0.1509433962264151,0.7272727272727273,0.45,0
media portrayal,0.1411764705882353,0.07692307692307693,0.8571428571428571,0.35000000000000003,0
not in my backyard,0.3275862068965517,0.19791666666666666,0.95,0.30000000000000004,0
harmful generalization,0.0,0.0,0.0,0.5,0
deserving/undeserving,0.0,0.0,0.0,0.5,0
racist,0.0,0.0,0.0,0.35000000000000003,0
