category,f1_score,precision,recall,threshold,synthetic_added
ask a genuine question,0.48,0.46153846153846156,0.5,0.45,24
ask a rhetorical question,0.41379310344827586,0.3333333333333333,0.5454545454545454,0.4,32
provide a fact or claim,0.6870229007633588,0.625,0.7627118644067796,0.5,0
provide an observation,0.5846153846153846,0.5588235294117647,0.6129032258064516,0.4,30
express their opinion,0.8938547486033519,0.8247422680412371,0.975609756097561,0.6000000000000001,0
express others opinions,0.0,0.0,0.0,0.4,70
money aid allocation,0.07142857142857142,0.09090909090909091,0.058823529411764705,0.4,59
government critique,0.13793103448275862,0.18181818181818182,0.1111111111111111,0.4,60
societal critique,0.13793103448275862,0.11764705882352941,0.16666666666666666,0.45,44
solutions/interventions,0.46017699115044247,0.32098765432098764,0.8125,0.4,0
personal interaction,0.23404255319148937,0.13253012048192772,1.0,0.30000000000000004,67
media portrayal,0.2222222222222222,0.125,1.0,0.30000000000000004,89
not in my backyard,0.4,0.26153846153846155,0.85,0.30000000000000004,27
harmful generalization,0.27450980392156865,0.17073170731707318,0.7,0.35000000000000003,57
deserving/undeserving,0.0,0.0,0.0,0.4,68
racist,0.0,0.0,0.0,0.30000000000000004,96
