{
  "macro_f1": 0.5012949794122934,
  "micro_f1": 0.6166495375128469,
  "macro_kappa": 0.38534806532944615,
  "per_category_f1": {
    "ask a genuine question": 0.7407407407407407,
    "ask a rhetorical question": 0.5523809523809524,
    "provide a fact or claim": 0.7854785478547854,
    "provide an observation": 0.6608695652173913,
    "express their opinion": 0.9064748201438849,
    "express others opinions": 0.39215686274509803,
    "money aid allocation": 0.5333333333333333,
    "government critique": 0.5952380952380952,
    "societal critique": 0.3905325443786982,
    "solutions/interventions": 0.7524752475247525,
    "personal interaction": 0.5,
    "media portrayal": 0.0,
    "not in my backyard": 0.45454545454545453,
    "harmful generalization": 0.39285714285714285,
    "deserving/undeserving": 0.36363636363636365,
    "racist": 0.0
  },
  "per_category_precision": {
    "ask a genuine question": 0.9090909090909091,
    "ask a rhetorical question": 0.5087719298245614,
    "provide a fact or claim": 0.7484276729559748,
    "provide an observation": 0.7037037037037037,
    "express their opinion": 0.8362831858407079,
    "express others opinions": 0.43478260869565216,
    "money aid allocation": 0.43478260869565216,
    "government critique": 0.46296296296296297,
    "societal critique": 0.2578125,
    "solutions/interventions": 0.7169811320754716,
    "personal interaction": 0.5217391304347826,
    "media portrayal": 0.0,
    "not in my backyard": 0.625,
    "harmful generalization": 0.2558139534883721,
    "deserving/undeserving": 0.2222222222222222,
    "racist": 0.0
  },
  "per_category_recall": {
    "ask a genuine question": 0.625,
    "ask a rhetorical question": 0.6041666666666666,
    "provide a fact or claim": 0.8263888888888888,
    "provide an observation": 0.6229508196721312,
    "express their opinion": 0.9895287958115183,
    "express others opinions": 0.35714285714285715,
    "money aid allocation": 0.6896551724137931,
    "government critique": 0.8333333333333334,
    "societal critique": 0.8048780487804879,
    "solutions/interventions": 0.7916666666666666,
    "personal interaction": 0.48,
    "media portrayal": 0.0,
    "not in my backyard": 0.35714285714285715,
    "harmful generalization": 0.8461538461538461,
    "deserving/undeserving": 1.0,
    "racist": 0.0
  },
  "per_category_accuracy": {
    "ask a genuine question": 0.9435483870967742,
    "ask a rhetorical question": 0.8104838709677419,
    "provide a fact or claim": 0.7379032258064516,
    "provide an observation": 0.842741935483871,
    "express their opinion": 0.842741935483871,
    "express others opinions": 0.875,
    "money aid allocation": 0.8588709677419355,
    "government critique": 0.8629032258064516,
    "societal critique": 0.5846774193548387,
    "solutions/interventions": 0.7983870967741935,
    "personal interaction": 0.9032258064516129,
    "media portrayal": 0.2862903225806452,
    "not in my backyard": 0.9516129032258065,
    "harmful generalization": 0.7258064516129032,
    "deserving/undeserving": 0.9717741935483871,
    "racist": 0.9959677419354839
  },
  "per_category_kappa": {
    "ask a genuine question": 0.7102803738317757,
    "ask a rhetorical question": 0.4332944379618825,
    "provide a fact or claim": 0.4508040337966748,
    "provide an observation": 0.5590005471457231,
    "express their opinion": 0.43385623975649734,
    "express others opinions": 0.3232394366197183,
    "money aid allocation": 0.4551845342706502,
    "government critique": 0.5206912232833106,
    "societal critique": 0.1869111280875987,
    "solutions/interventions": 0.5831091984938139,
    "personal interaction": 0.4465315231541751,
    "media portrayal": 0.0,
    "not in my backyard": 0.4311926605504587,
    "harmful generalization": 0.27634740817027126,
    "deserving/undeserving": 0.3551263001485885,
    "racist": 0.0
  },
  "thresholds": [
    0.550000011920929,
    0.3499999940395355,
    0.550000011920929,
    0.6499999761581421,
    0.5,
    0.44999998807907104,
    0.5,
    0.5,
    0.6499999761581421,
    0.4000000059604645,
    0.550000011920929,
    0.25,
    0.44999998807907104,
    0.4000000059604645,
    0.699999988079071,
    0.5
  ],
  "training_config": {
    "model": "qwen",
    "source": "reddit",
    "use_lora": true,
    "lora_rank": 16,
    "lora_alpha": 32,
    "lora_dropout": 0.1,
    "lora_target_modules": "all",
    "epochs": 5,
    "batch_size": 8,
    "learning_rate": 1e-05,
    "max_length": 128,
    "eval_threshold": "val_opt",
    "fixed_threshold": 0.5
  },
  "val_metrics": {
    "epoch": 4,
    "val_loss": 0.09763745723232146,
    "macro_f1": 0.5355089419930996,
    "micro_f1": 0.6543417366946779,
    "macro_kappa": NaN,
    "per_label_f1": {
      "ask a genuine question": 0.8095238095238095,
      "ask a rhetorical question": 0.5714285714285714,
      "provide a fact or claim": 0.8026315789473685,
      "provide an observation": 0.7207207207207207,
      "express their opinion": 0.9212410501193318,
      "express others opinions": 0.3902439024390244,
      "money aid allocation": 0.6097560975609756,
      "government critique": 0.6593406593406593,
      "societal critique": 0.4489795918367347,
      "solutions/interventions": 0.7540983606557377,
      "personal interaction": 0.6153846153846154,
      "media portrayal": 0.02197802197802198,
      "not in my backyard": 0.375,
      "harmful generalization": 0.5344827586206896,
      "deserving/undeserving": 0.3333333333333333,
      "racist": 0.0
    },
    "per_label_kappa": {
      "ask a genuine question": 0.699304347826087,
      "ask a rhetorical question": 0.1962664839869841,
      "provide a fact or claim": 0.3811247216035635,
      "provide an observation": 0.48419124381754897,
      "express their opinion": 0.48982912937347445,
      "express others opinions": 0.26114268620999104,
      "money aid allocation": 0.5334671231259591,
      "government critique": 0.5849639546858909,
      "societal critique": 0.14965312190287405,
      "solutions/interventions": 0.4572729815029364,
      "personal interaction": 0.5114439107092399,
      "media portrayal": 0.0,
      "not in my backyard": 0.14209030628354902,
      "harmful generalization": 0.4299465240641711,
      "deserving/undeserving": 0.10868180853322018,
      "racist": NaN
    }
  },
  "val_history": [
    {
      "epoch": 1,
      "train_loss": 0.1103069731646703,
      "train_macro_f1": 0.47944330689628833,
      "train_micro_f1": 0.6556470559486698,
      "val_loss": 0.10143700650622768,
      "val_macro_f1": 0.4684152604609193,
      "val_micro_f1": 0.5988372093023255,
      "val_macro_kappa": NaN
    },
    {
      "epoch": 2,
      "train_loss": 0.08655004165608475,
      "train_macro_f1": 0.6008758691369255,
      "train_micro_f1": 0.7575875993226521,
      "val_loss": 0.10332218942142302,
      "val_macro_f1": 0.5110442791039765,
      "val_micro_f1": 0.6245847176079734,
      "val_macro_kappa": NaN
    },
    {
      "epoch": 3,
      "train_loss": 0.07819386791392047,
      "train_macro_f1": 0.636837017900731,
      "train_micro_f1": 0.7893433342768186,
      "val_loss": 0.09969562484372047,
      "val_macro_f1": 0.5286458450481266,
      "val_micro_f1": 0.643054786939679,
      "val_macro_kappa": NaN
    },
    {
      "epoch": 4,
      "train_loss": 0.07367168017376705,
      "train_macro_f1": 0.656003498167305,
      "train_micro_f1": 0.8053608510910194,
      "val_loss": 0.09763745723232146,
      "val_macro_f1": 0.5355089419930996,
      "val_micro_f1": 0.6543417366946779,
      "val_macro_kappa": NaN
    },
    {
      "epoch": 5,
      "train_loss": 0.0714503163189866,
      "train_macro_f1": 0.6645279470327909,
      "train_micro_f1": 0.8126849059427854,
      "val_loss": 0.10222309539394994,
      "val_macro_f1": 0.5352335625024637,
      "val_micro_f1": 0.6498630136986301,
      "val_macro_kappa": NaN
    }
  ]
}