{
  "macro_f1": 0.45709711595395486,
  "micro_f1": 0.6695232994108195,
  "per_category_f1": {
    "ask a genuine question": 0.64,
    "ask a rhetorical question": 0.6902654867256637,
    "provide a fact or claim": 0.7666666666666667,
    "provide an observation": 0.6456692913385826,
    "express their opinion": 0.8983451536643026,
    "express others opinions": 0.2692307692307692,
    "money aid allocation": 0.4657534246575342,
    "government critique": 0.5454545454545454,
    "societal critique": 0.42962962962962964,
    "solutions/interventions": 0.7058823529411765,
    "personal interaction": 0.46808510638297873,
    "media portrayal": 0.0,
    "not in my backyard": 0.36,
    "harmful generalization": 0.42857142857142855,
    "deserving/undeserving": 0.0,
    "racist": 0.0
  },
  "per_category_precision": {
    "ask a genuine question": 0.5581395348837209,
    "ask a rhetorical question": 0.6,
    "provide a fact or claim": 0.6388888888888888,
    "provide an observation": 0.6212121212121212,
    "express their opinion": 0.8189655172413793,
    "express others opinions": 0.2916666666666667,
    "money aid allocation": 0.38636363636363635,
    "government critique": 0.391304347826087,
    "societal critique": 0.30851063829787234,
    "solutions/interventions": 0.624,
    "personal interaction": 0.5,
    "media portrayal": 0.0,
    "not in my backyard": 0.25,
    "harmful generalization": 0.3409090909090909,
    "deserving/undeserving": 0.0,
    "racist": 0.0
  },
  "per_category_recall": {
    "ask a genuine question": 0.75,
    "ask a rhetorical question": 0.8125,
    "provide a fact or claim": 0.9583333333333334,
    "provide an observation": 0.6721311475409836,
    "express their opinion": 0.9947643979057592,
    "express others opinions": 0.25,
    "money aid allocation": 0.5862068965517241,
    "government critique": 0.9,
    "societal critique": 0.7073170731707317,
    "solutions/interventions": 0.8125,
    "personal interaction": 0.44,
    "media portrayal": 0.0,
    "not in my backyard": 0.6428571428571429,
    "harmful generalization": 0.5769230769230769,
    "deserving/undeserving": 0.0,
    "racist": 0.0
  },
  "training_config": {
    "model": "bert-base-uncased",
    "source": "reddit",
    "use_lora": true,
    "lora_rank": 16,
    "lora_alpha": 32,
    "lora_dropout": 0.1,
    "lora_target_modules": "all",
    "epochs": 5,
    "batch_size": 16,
    "learning_rate": 1e-05,
    "max_length": 128,
    "train_on_gold": "gpt_only"
  },
  "thresholds": [
    0.4500000000000001,
    0.30000000000000004,
    0.40000000000000013,
    0.6000000000000002,
    0.5000000000000001,
    0.4500000000000001,
    0.5000000000000001,
    0.4500000000000001,
    0.7000000000000002,
    0.40000000000000013,
    0.5500000000000002,
    0.3500000000000001,
    0.3500000000000001,
    0.5000000000000001,
    0.7000000000000002,
    0.5
  ]
}