{
  "macro_f1": 0.5144826400939604,
  "micro_f1": 0.702002355712603,
  "macro_kappa": 0.41295681563354086,
  "per_category_f1": {
    "ask a genuine question": 0.7368421052631579,
    "ask a rhetorical question": 0.6551724137931034,
    "provide a fact or claim": 0.8090614886731392,
    "provide an observation": 0.6299212598425197,
    "express their opinion": 0.9045226130653267,
    "express others opinions": 0.4067796610169492,
    "money aid allocation": 0.5,
    "government critique": 0.6133333333333333,
    "societal critique": 0.432,
    "solutions/interventions": 0.7843137254901961,
    "personal interaction": 0.59375,
    "media portrayal": 0.0,
    "not in my backyard": 0.4,
    "harmful generalization": 0.4583333333333333,
    "deserving/undeserving": 0.3076923076923077,
    "racist": 0.0
  },
  "per_category_precision": {
    "ask a genuine question": 0.84,
    "ask a rhetorical question": 0.5588235294117647,
    "provide a fact or claim": 0.7575757575757576,
    "provide an observation": 0.6060606060606061,
    "express their opinion": 0.8695652173913043,
    "express others opinions": 0.3870967741935484,
    "money aid allocation": 0.5185185185185185,
    "government critique": 0.5111111111111111,
    "societal critique": 0.32142857142857145,
    "solutions/interventions": 0.7407407407407407,
    "personal interaction": 0.48717948717948717,
    "media portrayal": 0.0,
    "not in my backyard": 0.6666666666666666,
    "harmful generalization": 0.5,
    "deserving/undeserving": 0.18181818181818182,
    "racist": 0.0
  },
  "per_category_recall": {
    "ask a genuine question": 0.65625,
    "ask a rhetorical question": 0.7916666666666666,
    "provide a fact or claim": 0.8680555555555556,
    "provide an observation": 0.6557377049180327,
    "express their opinion": 0.9424083769633508,
    "express others opinions": 0.42857142857142855,
    "money aid allocation": 0.4827586206896552,
    "government critique": 0.7666666666666667,
    "societal critique": 0.6585365853658537,
    "solutions/interventions": 0.8333333333333334,
    "personal interaction": 0.76,
    "media portrayal": 0.0,
    "not in my backyard": 0.2857142857142857,
    "harmful generalization": 0.4230769230769231,
    "deserving/undeserving": 1.0,
    "racist": 0.0
  },
  "per_category_accuracy": {
    "ask a genuine question": 0.9395161290322581,
    "ask a rhetorical question": 0.8387096774193549,
    "provide a fact or claim": 0.7620967741935484,
    "provide an observation": 0.8104838709677419,
    "express their opinion": 0.8467741935483871,
    "express others opinions": 0.8588709677419355,
    "money aid allocation": 0.8870967741935484,
    "government critique": 0.8830645161290323,
    "societal critique": 0.7137096774193549,
    "solutions/interventions": 0.8225806451612904,
    "personal interaction": 0.8951612903225806,
    "media portrayal": 0.8951612903225806,
    "not in my backyard": 0.9516129032258065,
    "harmful generalization": 0.8951612903225806,
    "deserving/undeserving": 0.9637096774193549,
    "racist": 0.9959677419354839
  },
  "per_category_kappa": {
    "ask a genuine question": 0.7032546266751755,
    "ask a rhetorical question": 0.5539568345323741,
    "provide a fact or claim": 0.49738939269029947,
    "provide an observation": 0.5028152192458625,
    "express their opinion": 0.5199184921039226,
    "express others opinions": 0.32692307692307687,
    "money aid allocation": 0.4364551209219283,
    "government critique": 0.5476729559748428,
    "societal critique": 0.26974120769741206,
    "solutions/interventions": 0.6345123258306538,
    "personal interaction": 0.536848154000862,
    "media portrayal": 0.0,
    "not in my backyard": 0.3789649415692822,
    "harmful generalization": 0.40074349442379187,
    "deserving/undeserving": 0.29811320754716986,
    "racist": 0.0
  },
  "thresholds": [
    0.6000000238418579,
    0.30000001192092896,
    0.550000011920929,
    0.6499999761581421,
    0.550000011920929,
    0.44999998807907104,
    0.6499999761581421,
    0.550000011920929,
    0.75,
    0.4000000059604645,
    0.5,
    0.3499999940395355,
    0.550000011920929,
    0.6000000238418579,
    0.75,
    0.5
  ],
  "training_config": {
    "model": "gemma3",
    "source": "reddit",
    "use_lora": true,
    "lora_rank": 16,
    "lora_alpha": 32,
    "lora_dropout": 0.1,
    "lora_target_modules": "all",
    "epochs": 5,
    "batch_size": 8,
    "learning_rate": 1e-05,
    "max_length": 128,
    "eval_threshold": "val_opt",
    "fixed_threshold": 0.5
  },
  "val_metrics": {
    "epoch": 5,
    "val_loss": 0.10576726207810064,
    "macro_f1": 0.570815982897332,
    "micro_f1": 0.6555075593952484,
    "macro_kappa": NaN,
    "per_label_f1": {
      "ask a genuine question": 0.7727272727272727,
      "ask a rhetorical question": 0.6019417475728155,
      "provide a fact or claim": 0.802675585284281,
      "provide an observation": 0.7368421052631579,
      "express their opinion": 0.9219512195121952,
      "express others opinions": 0.5,
      "money aid allocation": 0.625,
      "government critique": 0.6741573033707865,
      "societal critique": 0.4462809917355372,
      "solutions/interventions": 0.7165775401069518,
      "personal interaction": 0.6666666666666666,
      "media portrayal": 0.08,
      "not in my backyard": 0.47058823529411764,
      "harmful generalization": 0.6176470588235294,
      "deserving/undeserving": 0.5,
      "racist": 0.0
    },
    "per_label_kappa": {
      "ask a genuine question": 0.712634763049717,
      "ask a rhetorical question": 0.23856824798766907,
      "provide a fact or claim": 0.4369300911854104,
      "provide an observation": 0.4746916205869842,
      "express their opinion": 0.48982912937347445,
      "express others opinions": 0.36147015848038655,
      "money aid allocation": 0.5429100161924589,
      "government critique": 0.5466540999057492,
      "societal critique": 0.11790089777292789,
      "solutions/interventions": 0.4958392212278222,
      "personal interaction": 0.6182942085510339,
      "media portrayal": 0.0,
      "not in my backyard": 0.37494727962884866,
      "harmful generalization": 0.44285714285714284,
      "deserving/undeserving": 0.08470089994706198,
      "racist": NaN
    }
  },
  "val_history": [
    {
      "epoch": 1,
      "train_loss": 0.09749439569734664,
      "train_macro_f1": 0.5360012020699705,
      "train_micro_f1": 0.7108199461479616,
      "val_loss": 0.10291630798770536,
      "val_macro_f1": 0.520424023623024,
      "val_micro_f1": 0.6301524562394127,
      "val_macro_kappa": NaN
    },
    {
      "epoch": 2,
      "train_loss": 0.07451040536612837,
      "train_macro_f1": 0.6483593083529988,
      "train_micro_f1": 0.7984881486226778,
      "val_loss": 0.09849537836928521,
      "val_macro_f1": 0.5580234248640288,
      "val_micro_f1": 0.6518600777345919,
      "val_macro_kappa": NaN
    },
    {
      "epoch": 3,
      "train_loss": 0.06801452833715062,
      "train_macro_f1": 0.677539338019727,
      "train_micro_f1": 0.8186026762656493,
      "val_loss": 0.1079505025859802,
      "val_macro_f1": 0.5591282675767324,
      "val_micro_f1": 0.6469031233456856,
      "val_macro_kappa": NaN
    },
    {
      "epoch": 4,
      "train_loss": 0.06447812991768347,
      "train_macro_f1": 0.6929514727169043,
      "train_micro_f1": 0.8297357577590443,
      "val_loss": 0.10574989501507051,
      "val_macro_f1": 0.5660625862433692,
      "val_micro_f1": 0.6518918918918919,
      "val_macro_kappa": NaN
    },
    {
      "epoch": 5,
      "train_loss": 0.0625743665225811,
      "train_macro_f1": 0.700435170271649,
      "train_micro_f1": 0.8358731265687189,
      "val_loss": 0.10576726207810064,
      "val_macro_f1": 0.570815982897332,
      "val_micro_f1": 0.6555075593952484,
      "val_macro_kappa": NaN
    }
  ]
}