{
  "macro_f1": 0.28197802614021317,
  "micro_f1": 0.41345365053322397,
  "per_category_f1": {
    "ask a genuine question": 0.19607843137254902,
    "ask a rhetorical question": 0.3917525773195876,
    "provide a fact or claim": 0.7346938775510204,
    "provide an observation": 0.46511627906976744,
    "express their opinion": 0.8862275449101796,
    "express others opinions": 0.0,
    "money aid allocation": 0.07407407407407407,
    "government critique": 0.17142857142857143,
    "societal critique": 0.45569620253164556,
    "solutions/interventions": 0.576,
    "personal interaction": 0.17647058823529413,
    "media portrayal": 0.0,
    "not in my backyard": 0.15384615384615385,
    "harmful generalization": 0.2077922077922078,
    "deserving/undeserving": 0.02247191011235955,
    "racist": 0.0
  },
  "per_category_precision": {
    "ask a genuine question": 0.10869565217391304,
    "ask a rhetorical question": 0.24675324675324675,
    "provide a fact or claim": 0.5806451612903226,
    "provide an observation": 0.5555555555555556,
    "express their opinion": 0.891566265060241,
    "express others opinions": 0.0,
    "money aid allocation": 0.06666666666666667,
    "government critique": 0.1016949152542373,
    "societal critique": 0.3103448275862069,
    "solutions/interventions": 0.41379310344827586,
    "personal interaction": 0.0967741935483871,
    "media portrayal": 0.0,
    "not in my backyard": 0.08571428571428572,
    "harmful generalization": 0.12698412698412698,
    "deserving/undeserving": 0.011363636363636364,
    "racist": 0.0
  },
  "per_category_recall": {
    "ask a genuine question": 1.0,
    "ask a rhetorical question": 0.95,
    "provide a fact or claim": 1.0,
    "provide an observation": 0.4,
    "express their opinion": 0.8809523809523809,
    "express others opinions": 0.0,
    "money aid allocation": 0.08333333333333333,
    "government critique": 0.5454545454545454,
    "societal critique": 0.8571428571428571,
    "solutions/interventions": 0.9473684210526315,
    "personal interaction": 1.0,
    "media portrayal": 0.0,
    "not in my backyard": 0.75,
    "harmful generalization": 0.5714285714285714,
    "deserving/undeserving": 1.0,
    "racist": 0.0
  },
  "training_config": {
    "model": "bert-base-uncased",
    "source": "reddit",
    "use_lora": false,
    "lora_rank": null,
    "lora_alpha": null,
    "lora_dropout": null,
    "lora_target_modules": null,
    "epochs": 3,
    "batch_size": 16,
    "learning_rate": 2e-05,
    "max_length": 128,
    "train_on_gold": "gold_only"
  },
  "thresholds": [
    0.30000000000000004,
    0.3500000000000001,
    0.5000000000000001,
    0.40000000000000013,
    0.6000000000000002,
    0.5,
    0.3500000000000001,
    0.3500000000000001,
    0.3500000000000001,
    0.40000000000000013,
    0.30000000000000004,
    0.5,
    0.25000000000000006,
    0.3500000000000001,
    0.25000000000000006,
    0.5
  ]
}