{
  "macro_f1": 0.2030998599830117,
  "micro_f1": 0.23943661971830985,
  "per_category_f1": {
    "ask a genuine question": 0.22950819672131148,
    "ask a rhetorical question": 0.33454545454545453,
    "provide a fact or claim": 0.4558139534883721,
    "provide an observation": 0.2828282828282828,
    "express their opinion": 0.2171945701357466,
    "express others opinions": 0.2151394422310757,
    "money aid allocation": 0.24,
    "government critique": 0.19913419913419914,
    "societal critique": 0.23529411764705882,
    "solutions/interventions": 0.4489795918367347,
    "personal interaction": 0.12,
    "media portrayal": 0.0,
    "not in my backyard": 0.05714285714285714,
    "harmful generalization": 0.20512820512820512,
    "deserving/undeserving": 0.008888888888888889,
    "racist": 0.0
  },
  "per_category_precision": {
    "ask a genuine question": 0.2413793103448276,
    "ask a rhetorical question": 0.2026431718061674,
    "provide a fact or claim": 0.6901408450704225,
    "provide an observation": 0.20437956204379562,
    "express their opinion": 0.8,
    "express others opinions": 0.1210762331838565,
    "money aid allocation": 0.15625,
    "government critique": 0.11442786069651742,
    "societal critique": 0.147239263803681,
    "solutions/interventions": 0.3333333333333333,
    "personal interaction": 0.12,
    "media portrayal": 0.0,
    "not in my backyard": 0.03571428571428571,
    "harmful generalization": 0.15384615384615385,
    "deserving/undeserving": 0.004484304932735426,
    "racist": 0.0
  },
  "per_category_recall": {
    "ask a genuine question": 0.21875,
    "ask a rhetorical question": 0.9583333333333334,
    "provide a fact or claim": 0.3402777777777778,
    "provide an observation": 0.45901639344262296,
    "express their opinion": 0.1256544502617801,
    "express others opinions": 0.9642857142857143,
    "money aid allocation": 0.5172413793103449,
    "government critique": 0.7666666666666667,
    "societal critique": 0.5853658536585366,
    "solutions/interventions": 0.6875,
    "personal interaction": 0.12,
    "media portrayal": 0.0,
    "not in my backyard": 0.14285714285714285,
    "harmful generalization": 0.3076923076923077,
    "deserving/undeserving": 0.5,
    "racist": 0.0
  },
  "training_config": {
    "model": "qwen",
    "source": "reddit",
    "use_lora": true,
    "lora_rank": 16,
    "lora_alpha": 32,
    "lora_dropout": 0.1,
    "lora_target_modules": "all",
    "epochs": 5,
    "batch_size": 8,
    "learning_rate": 1e-05,
    "max_length": 128
  }
}