{
  "macro_f1": 0.24173264877220746,
  "micro_f1": 0.45304777594728174,
  "macro_kappa": NaN,
  "per_category_f1": {
    "ask a genuine question": 0.1834862385321101,
    "ask a rhetorical question": 0.33613445378151263,
    "provide a fact or claim": 0.7058823529411765,
    "provide an observation": 0.4032258064516129,
    "express their opinion": 0.9180327868852459,
    "express others opinions": 0.0,
    "money aid allocation": 0.21621621621621623,
    "government critique": 0.2,
    "societal critique": 0.35,
    "solutions/interventions": 0.5547445255474452,
    "personal interaction": 0.0,
    "media portrayal": 0.0,
    "not in my backyard": 0.0,
    "harmful generalization": 0.0,
    "deserving/undeserving": 0.0,
    "racist": 0.0
  },
  "per_category_precision": {
    "ask a genuine question": 0.10101010101010101,
    "ask a rhetorical question": 0.20202020202020202,
    "provide a fact or claim": 0.5454545454545454,
    "provide an observation": 0.25252525252525254,
    "express their opinion": 0.8484848484848485,
    "express others opinions": 0.0,
    "money aid allocation": 0.12121212121212122,
    "government critique": 0.1111111111111111,
    "societal critique": 0.21212121212121213,
    "solutions/interventions": 0.3838383838383838,
    "personal interaction": 0.0,
    "media portrayal": 0.0,
    "not in my backyard": 0.0,
    "harmful generalization": 0.0,
    "deserving/undeserving": 0.0,
    "racist": 0.0
  },
  "per_category_recall": {
    "ask a genuine question": 1.0,
    "ask a rhetorical question": 1.0,
    "provide a fact or claim": 1.0,
    "provide an observation": 1.0,
    "express their opinion": 1.0,
    "express others opinions": 0.0,
    "money aid allocation": 1.0,
    "government critique": 1.0,
    "societal critique": 1.0,
    "solutions/interventions": 1.0,
    "personal interaction": 0.0,
    "media portrayal": 0.0,
    "not in my backyard": 0.0,
    "harmful generalization": 0.0,
    "deserving/undeserving": 0.0,
    "racist": 0.0
  },
  "per_category_accuracy": {
    "ask a genuine question": 0.10101010101010101,
    "ask a rhetorical question": 0.20202020202020202,
    "provide a fact or claim": 0.5454545454545454,
    "provide an observation": 0.25252525252525254,
    "express their opinion": 0.8484848484848485,
    "express others opinions": 0.8383838383838383,
    "money aid allocation": 0.12121212121212122,
    "government critique": 0.1111111111111111,
    "societal critique": 0.21212121212121213,
    "solutions/interventions": 0.3838383838383838,
    "personal interaction": 0.9090909090909091,
    "media portrayal": 1.0,
    "not in my backyard": 0.9191919191919192,
    "harmful generalization": 0.8585858585858586,
    "deserving/undeserving": 0.98989898989899,
    "racist": 1.0
  },
  "per_category_kappa": {
    "ask a genuine question": 0.0,
    "ask a rhetorical question": 0.0,
    "provide a fact or claim": 0.0,
    "provide an observation": 0.0,
    "express their opinion": 0.0,
    "express others opinions": 0.0,
    "money aid allocation": 0.0,
    "government critique": 0.0,
    "societal critique": 0.0,
    "solutions/interventions": 0.0,
    "personal interaction": 0.0,
    "media portrayal": NaN,
    "not in my backyard": 0.0,
    "harmful generalization": 0.0,
    "deserving/undeserving": 0.0,
    "racist": NaN
  },
  "thresholds": [
    0.10000000149011612,
    0.10000000149011612,
    0.10000000149011612,
    0.10000000149011612,
    0.10000000149011612,
    0.5,
    0.10000000149011612,
    0.10000000149011612,
    0.10000000149011612,
    0.10000000149011612,
    0.5,
    0.5,
    0.5,
    0.5,
    0.5,
    0.5
  ],
  "training_config": {
    "model": "roberta-base",
    "source": "reddit",
    "use_lora": false,
    "lora_rank": null,
    "lora_alpha": null,
    "lora_dropout": null,
    "lora_target_modules": null,
    "epochs": 3,
    "batch_size": 16,
    "learning_rate": 6e-06,
    "max_length": 128,
    "eval_threshold": "val_opt",
    "fixed_threshold": 0.5,
    "train_on_gold": "gold_only"
  },
  "val_metrics": {
    "epoch": 1,
    "val_loss": 0.16830923088959285,
    "macro_f1": 0.25073051403963775,
    "micro_f1": 0.37894736842105264,
    "macro_kappa": NaN,
    "per_label_f1": {
      "ask a genuine question": 0.24778761061946902,
      "ask a rhetorical question": 0.3220338983050847,
      "provide a fact or claim": 0.7547169811320755,
      "provide an observation": 0.36363636363636365,
      "express their opinion": 0.8143712574850299,
      "express others opinions": 0.0,
      "money aid allocation": 0.23214285714285715,
      "government critique": 0.2,
      "societal critique": 0.29310344827586204,
      "solutions/interventions": 0.5755395683453237,
      "personal interaction": 0.0,
      "media portrayal": 0.0,
      "not in my backyard": 0.058823529411764705,
      "harmful generalization": 0.14953271028037382,
      "deserving/undeserving": 0.0,
      "racist": 0.0
    },
    "per_label_kappa": {
      "ask a genuine question": 0.0,
      "ask a rhetorical question": 0.0,
      "provide a fact or claim": -0.04568901989683116,
      "provide an observation": 0.0,
      "express their opinion": 0.0,
      "express others opinions": 0.0,
      "money aid allocation": 0.0,
      "government critique": -0.004132231404958775,
      "societal critique": -0.0952061682869596,
      "solutions/interventions": 0.0,
      "personal interaction": 0.0,
      "media portrayal": 0.0,
      "not in my backyard": 0.0,
      "harmful generalization": 0.0,
      "deserving/undeserving": 0.0,
      "racist": NaN
    }
  },
  "val_history": [
    {
      "epoch": 1,
      "train_loss": 0.17622511324129606,
      "train_macro_f1": 0.28662019922862336,
      "train_micro_f1": 0.3284524834912432,
      "val_loss": 0.16830923088959285,
      "val_macro_f1": 0.25073051403963775,
      "val_micro_f1": 0.37894736842105264,
      "val_macro_kappa": NaN
    },
    {
      "epoch": 2,
      "train_loss": 0.15645806961937955,
      "train_macro_f1": 0.29356048963190007,
      "train_micro_f1": 0.4176672384219554,
      "val_loss": 0.14946404099464417,
      "val_macro_f1": 0.23871841561652712,
      "val_micro_f1": 0.5432937181663837,
      "val_macro_kappa": NaN
    },
    {
      "epoch": 3,
      "train_loss": 0.13728917115613035,
      "train_macro_f1": 0.29169984391607423,
      "train_micro_f1": 0.5014645577035736,
      "val_loss": 0.13408270478248596,
      "val_macro_f1": 0.24319691548504552,
      "val_micro_f1": 0.5316455696202531,
      "val_macro_kappa": NaN
    }
  ]
}