{
  "macro_f1": 0.2369970203650032,
  "micro_f1": 0.44464609800362975,
  "macro_kappa": NaN,
  "per_category_f1": {
    "ask a genuine question": 0.15217391304347827,
    "ask a rhetorical question": 0.33613445378151263,
    "provide a fact or claim": 0.697986577181208,
    "provide an observation": 0.40336134453781514,
    "express their opinion": 0.896969696969697,
    "express others opinions": 0.0,
    "money aid allocation": 0.20833333333333334,
    "government critique": 0.21153846153846154,
    "societal critique": 0.34,
    "solutions/interventions": 0.5454545454545454,
    "personal interaction": 0.0,
    "media portrayal": 0.0,
    "not in my backyard": 0.0,
    "harmful generalization": 0.0,
    "deserving/undeserving": 0.0,
    "racist": 0.0
  },
  "per_category_precision": {
    "ask a genuine question": 0.08536585365853659,
    "ask a rhetorical question": 0.20202020202020202,
    "provide a fact or claim": 0.5473684210526316,
    "provide an observation": 0.2553191489361702,
    "express their opinion": 0.9135802469135802,
    "express others opinions": 0.0,
    "money aid allocation": 0.11904761904761904,
    "government critique": 0.11827956989247312,
    "societal critique": 0.21518987341772153,
    "solutions/interventions": 0.4166666666666667,
    "personal interaction": 0.0,
    "media portrayal": 0.0,
    "not in my backyard": 0.0,
    "harmful generalization": 0.0,
    "deserving/undeserving": 0.0,
    "racist": 0.0
  },
  "per_category_recall": {
    "ask a genuine question": 0.7,
    "ask a rhetorical question": 1.0,
    "provide a fact or claim": 0.9629629629629629,
    "provide an observation": 0.96,
    "express their opinion": 0.8809523809523809,
    "express others opinions": 0.0,
    "money aid allocation": 0.8333333333333334,
    "government critique": 1.0,
    "societal critique": 0.8095238095238095,
    "solutions/interventions": 0.7894736842105263,
    "personal interaction": 0.0,
    "media portrayal": 0.0,
    "not in my backyard": 0.0,
    "harmful generalization": 0.0,
    "deserving/undeserving": 0.0,
    "racist": 0.0
  },
  "per_category_accuracy": {
    "ask a genuine question": 0.21212121212121213,
    "ask a rhetorical question": 0.20202020202020202,
    "provide a fact or claim": 0.5454545454545454,
    "provide an observation": 0.2828282828282828,
    "express their opinion": 0.8282828282828283,
    "express others opinions": 0.8383838383838383,
    "money aid allocation": 0.23232323232323232,
    "government critique": 0.1717171717171717,
    "societal critique": 0.3333333333333333,
    "solutions/interventions": 0.494949494949495,
    "personal interaction": 0.9090909090909091,
    "media portrayal": 1.0,
    "not in my backyard": 0.9191919191919192,
    "harmful generalization": 0.8585858585858586,
    "deserving/undeserving": 0.98989898989899,
    "racist": 1.0
  },
  "per_category_kappa": {
    "ask a genuine question": -0.03401178361006951,
    "ask a rhetorical question": 0.0,
    "provide a fact or claim": 0.008016032064128154,
    "provide an observation": 0.007343595537353309,
    "express their opinion": 0.3828382838283829,
    "express others opinions": 0.0,
    "money aid allocation": -0.004807692307692513,
    "government critique": 0.016000000000000125,
    "societal critique": 0.007292616226071136,
    "solutions/interventions": 0.08637873754152836,
    "personal interaction": 0.0,
    "media portrayal": NaN,
    "not in my backyard": 0.0,
    "harmful generalization": 0.0,
    "deserving/undeserving": 0.0,
    "racist": NaN
  },
  "thresholds": [
    0.25,
    0.25,
    0.44999998807907104,
    0.3499999940395355,
    0.550000011920929,
    0.5,
    0.30000001192092896,
    0.25,
    0.30000001192092896,
    0.4000000059604645,
    0.5,
    0.5,
    0.5,
    0.5,
    0.5,
    0.5
  ],
  "training_config": {
    "model": "modernbert-base",
    "source": "reddit",
    "use_lora": false,
    "lora_rank": null,
    "lora_alpha": null,
    "lora_dropout": null,
    "lora_target_modules": null,
    "epochs": 3,
    "batch_size": 16,
    "learning_rate": 6e-06,
    "max_length": 128,
    "eval_threshold": "val_opt",
    "fixed_threshold": 0.5,
    "train_on_gold": "gold_only"
  },
  "val_metrics": {
    "epoch": 3,
    "val_loss": 0.0994277394243649,
    "macro_f1": 0.24970869746460056,
    "micro_f1": 0.5116279069767442,
    "macro_kappa": NaN,
    "per_label_f1": {
      "ask a genuine question": 0.26262626262626265,
      "ask a rhetorical question": 0.3247863247863248,
      "provide a fact or claim": 0.7733333333333333,
      "provide an observation": 0.39285714285714285,
      "express their opinion": 0.8571428571428571,
      "express others opinions": 0.0,
      "money aid allocation": 0.24489795918367346,
      "government critique": 0.21153846153846154,
      "societal critique": 0.34408602150537637,
      "solutions/interventions": 0.584070796460177,
      "personal interaction": 0.0,
      "media portrayal": 0.0,
      "not in my backyard": 0.0,
      "harmful generalization": 0.0,
      "deserving/undeserving": 0.0,
      "racist": 0.0
    },
    "per_label_kappa": {
      "ask a genuine question": 0.0,
      "ask a rhetorical question": -0.019567456230689784,
      "provide a fact or claim": 0.18741450068399457,
      "provide an observation": -0.05633802816901423,
      "express their opinion": 0.2644873699851411,
      "express others opinions": 0.0,
      "money aid allocation": 0.0,
      "government critique": 0.0,
      "societal critique": 0.0,
      "solutions/interventions": 0.007163323782234832,
      "personal interaction": 0.0,
      "media portrayal": NaN,
      "not in my backyard": 0.0,
      "harmful generalization": 0.0,
      "deserving/undeserving": 0.0,
      "racist": 0.0
    }
  },
  "val_history": [
    {
      "epoch": 1,
      "train_loss": 0.14806916486275823,
      "train_macro_f1": 0.28898620304826095,
      "train_micro_f1": 0.2861771058315335,
      "val_loss": 0.1074875880564962,
      "val_macro_f1": 0.24681105730165892,
      "val_micro_f1": 0.49586776859504134,
      "val_macro_kappa": NaN
    },
    {
      "epoch": 2,
      "train_loss": 0.10049490512985933,
      "train_macro_f1": 0.29489493100472775,
      "train_micro_f1": 0.514745308310992,
      "val_loss": 0.10094143450260162,
      "val_macro_f1": 0.24954567535955463,
      "val_micro_f1": 0.5269709543568465,
      "val_macro_kappa": NaN
    },
    {
      "epoch": 3,
      "train_loss": 0.09575822910195902,
      "train_macro_f1": 0.3003191100449012,
      "train_micro_f1": 0.5192837465564738,
      "val_loss": 0.0994277394243649,
      "val_macro_f1": 0.24970869746460056,
      "val_micro_f1": 0.5116279069767442,
      "val_macro_kappa": NaN
    }
  ]
}