{
  "macro_f1": 0.441802051890685,
  "micro_f1": 0.5669663984855655,
  "macro_kappa": 0.2992105505028383,
  "per_category_f1": {
    "ask a genuine question": 0.5277777777777778,
    "ask a rhetorical question": 0.6126126126126126,
    "provide a fact or claim": 0.7804878048780488,
    "provide an observation": 0.5862068965517241,
    "express their opinion": 0.8899521531100478,
    "express others opinions": 0.24539877300613497,
    "money aid allocation": 0.47761194029850745,
    "government critique": 0.525,
    "societal critique": 0.42105263157894735,
    "solutions/interventions": 0.6721311475409836,
    "personal interaction": 0.5666666666666667,
    "media portrayal": 0.0,
    "not in my backyard": 0.16393442622950818,
    "harmful generalization": 0.45714285714285713,
    "deserving/undeserving": 0.14285714285714285,
    "racist": 0.0
  },
  "per_category_precision": {
    "ask a genuine question": 0.475,
    "ask a rhetorical question": 0.5396825396825397,
    "provide a fact or claim": 0.6956521739130435,
    "provide an observation": 0.6181818181818182,
    "express their opinion": 0.8193832599118943,
    "express others opinions": 0.14814814814814814,
    "money aid allocation": 0.42105263157894735,
    "government critique": 0.42,
    "societal critique": 0.37037037037037035,
    "solutions/interventions": 0.5540540540540541,
    "personal interaction": 0.4857142857142857,
    "media portrayal": 0.0,
    "not in my backyard": 0.10638297872340426,
    "harmful generalization": 0.36363636363636365,
    "deserving/undeserving": 0.08333333333333333,
    "racist": 0.0
  },
  "per_category_recall": {
    "ask a genuine question": 0.59375,
    "ask a rhetorical question": 0.7083333333333334,
    "provide a fact or claim": 0.8888888888888888,
    "provide an observation": 0.5573770491803278,
    "express their opinion": 0.9738219895287958,
    "express others opinions": 0.7142857142857143,
    "money aid allocation": 0.5517241379310345,
    "government critique": 0.7,
    "societal critique": 0.4878048780487805,
    "solutions/interventions": 0.8541666666666666,
    "personal interaction": 0.68,
    "media portrayal": 0.0,
    "not in my backyard": 0.35714285714285715,
    "harmful generalization": 0.6153846153846154,
    "deserving/undeserving": 0.5,
    "racist": 0.0
  },
  "per_category_accuracy": {
    "ask a genuine question": 0.8629032258064516,
    "ask a rhetorical question": 0.8266129032258065,
    "provide a fact or claim": 0.7096774193548387,
    "provide an observation": 0.8064516129032258,
    "express their opinion": 0.8145161290322581,
    "express others opinions": 0.5040322580645161,
    "money aid allocation": 0.8588709677419355,
    "government critique": 0.8467741935483871,
    "societal critique": 0.7782258064516129,
    "solutions/interventions": 0.6774193548387096,
    "personal interaction": 0.8951612903225806,
    "media portrayal": 0.14112903225806453,
    "not in my backyard": 0.7943548387096774,
    "harmful generalization": 0.8467741935483871,
    "deserving/undeserving": 0.9516129032258065,
    "racist": 0.9959677419354839
  },
  "per_category_kappa": {
    "ask a genuine question": 0.448744769874477,
    "ask a rhetorical question": 0.5035381750465548,
    "provide a fact or claim": 0.3702031602708803,
    "provide an observation": 0.46033185238915586,
    "express their opinion": 0.3269616519174041,
    "express others opinions": 0.07181110029211302,
    "money aid allocation": 0.39772411878989733,
    "government critique": 0.4403800475059383,
    "societal critique": 0.28705833159105165,
    "solutions/interventions": 0.38185443668993013,
    "personal interaction": 0.5089108910891089,
    "media portrayal": 0.0,
    "not in my backyard": 0.0842745438748913,
    "harmful generalization": 0.3747346072186837,
    "deserving/undeserving": 0.130841121495327,
    "racist": 0.0
  },
  "thresholds": [
    0.4000000059604645,
    0.3499999940395355,
    0.5,
    0.550000011920929,
    0.550000011920929,
    0.3499999940395355,
    0.5,
    0.5,
    0.699999988079071,
    0.3499999940395355,
    0.44999998807907104,
    0.25,
    0.3499999940395355,
    0.5,
    0.6000000238418579,
    0.5
  ],
  "training_config": {
    "model": "llama",
    "source": "reddit",
    "use_lora": true,
    "lora_rank": 16,
    "lora_alpha": 32,
    "lora_dropout": 0.1,
    "lora_target_modules": "all",
    "epochs": 5,
    "batch_size": 8,
    "learning_rate": 1e-05,
    "max_length": 128,
    "eval_threshold": "val_opt",
    "fixed_threshold": 0.5
  },
  "val_metrics": {
    "epoch": 5,
    "val_loss": 0.10435805782195061,
    "macro_f1": 0.4819849535503038,
    "micro_f1": 0.6073059360730594,
    "macro_kappa": NaN,
    "per_label_f1": {
      "ask a genuine question": 0.7241379310344828,
      "ask a rhetorical question": 0.5494505494505495,
      "provide a fact or claim": 0.7678571428571429,
      "provide an observation": 0.7058823529411765,
      "express their opinion": 0.9142857142857143,
      "express others opinions": 0.2517482517482518,
      "money aid allocation": 0.575,
      "government critique": 0.5306122448979592,
      "societal critique": 0.4158415841584158,
      "solutions/interventions": 0.6386554621848739,
      "personal interaction": 0.5797101449275363,
      "media portrayal": 0.00966183574879227,
      "not in my backyard": 0.23728813559322035,
      "harmful generalization": 0.5116279069767442,
      "deserving/undeserving": 0.3,
      "racist": 0.0
    },
    "per_label_kappa": {
      "ask a genuine question": 0.6044104964888506,
      "ask a rhetorical question": 0.0,
      "provide a fact or claim": 0.3231925806224969,
      "provide an observation": 0.5032103349578402,
      "express their opinion": 0.25498418303538584,
      "express others opinions": 0.0,
      "money aid allocation": 0.4938524590163934,
      "government critique": 0.42166344294003866,
      "societal critique": 0.09847646407798982,
      "solutions/interventions": 0.2340248962655601,
      "personal interaction": 0.3938352802591538,
      "media portrayal": 0.0,
      "not in my backyard": 0.0,
      "harmful generalization": 0.41036717062634986,
      "deserving/undeserving": 0.0737281539658955,
      "racist": NaN
    }
  },
  "val_history": [
    {
      "epoch": 1,
      "train_loss": 0.12396948280424415,
      "train_macro_f1": 0.43604987686819974,
      "train_micro_f1": 0.6052199763062818,
      "val_loss": 0.11323803951663355,
      "val_macro_f1": 0.3903474576536994,
      "val_micro_f1": 0.5209003215434084,
      "val_macro_kappa": NaN
    },
    {
      "epoch": 2,
      "train_loss": 0.10417630485379707,
      "train_macro_f1": 0.5196088764641653,
      "train_micro_f1": 0.6779475794950394,
      "val_loss": 0.10435412896256294,
      "val_macro_f1": 0.43267116693172825,
      "val_micro_f1": 0.5425,
      "val_macro_kappa": NaN
    },
    {
      "epoch": 3,
      "train_loss": 0.09663895817514061,
      "train_macro_f1": 0.5597161432390241,
      "train_micro_f1": 0.714906290183955,
      "val_loss": 0.10305568720063855,
      "val_macro_f1": 0.4649934747644254,
      "val_micro_f1": 0.5848161328588375,
      "val_macro_kappa": NaN
    },
    {
      "epoch": 4,
      "train_loss": 0.09216044726274915,
      "train_macro_f1": 0.5801336348664892,
      "train_micro_f1": 0.7345836548163096,
      "val_loss": 0.1030202452694216,
      "val_macro_f1": 0.4769789061979939,
      "val_micro_f1": 0.6027713625866051,
      "val_macro_kappa": NaN
    },
    {
      "epoch": 5,
      "train_loss": 0.09017588823501553,
      "train_macro_f1": 0.585718730063768,
      "train_micro_f1": 0.7433692839220735,
      "val_loss": 0.10435805782195061,
      "val_macro_f1": 0.4819849535503038,
      "val_micro_f1": 0.6073059360730594,
      "val_macro_kappa": NaN
    }
  ]
}