{
  "macro_f1": 0.43119548201873836,
  "micro_f1": 0.6296092460099064,
  "per_category_f1": {
    "ask a genuine question": 0.7333333333333333,
    "ask a rhetorical question": 0.3103448275862069,
    "provide a fact or claim": 0.779874213836478,
    "provide an observation": 0.6081871345029239,
    "express their opinion": 0.9043062200956937,
    "express others opinions": 0.16216216216216217,
    "money aid allocation": 0.5,
    "government critique": 0.5652173913043478,
    "societal critique": 0.3669724770642202,
    "solutions/interventions": 0.6583850931677019,
    "personal interaction": 0.576271186440678,
    "media portrayal": 0.0,
    "not in my backyard": 0.25,
    "harmful generalization": 0.4225352112676056,
    "deserving/undeserving": 0.06153846153846154,
    "racist": 0.0
  },
  "per_category_precision": {
    "ask a genuine question": 0.7857142857142857,
    "ask a rhetorical question": 0.9,
    "provide a fact or claim": 0.7126436781609196,
    "provide an observation": 0.4727272727272727,
    "express their opinion": 0.8325991189427313,
    "express others opinions": 0.3333333333333333,
    "money aid allocation": 0.4186046511627907,
    "government critique": 0.41935483870967744,
    "societal critique": 0.22598870056497175,
    "solutions/interventions": 0.8153846153846154,
    "personal interaction": 0.5,
    "media portrayal": 0.0,
    "not in my backyard": 1.0,
    "harmful generalization": 0.3333333333333333,
    "deserving/undeserving": 0.031746031746031744,
    "racist": 0.0
  },
  "per_category_recall": {
    "ask a genuine question": 0.6875,
    "ask a rhetorical question": 0.1875,
    "provide a fact or claim": 0.8611111111111112,
    "provide an observation": 0.8524590163934426,
    "express their opinion": 0.9895287958115183,
    "express others opinions": 0.10714285714285714,
    "money aid allocation": 0.6206896551724138,
    "government critique": 0.8666666666666667,
    "societal critique": 0.975609756097561,
    "solutions/interventions": 0.5520833333333334,
    "personal interaction": 0.68,
    "media portrayal": 0.0,
    "not in my backyard": 0.14285714285714285,
    "harmful generalization": 0.5769230769230769,
    "deserving/undeserving": 1.0,
    "racist": 0.0
  },
  "training_config": {
    "model": "qwen",
    "source": "reddit",
    "use_lora": true,
    "lora_rank": 16,
    "lora_alpha": 32,
    "lora_dropout": 0.1,
    "lora_target_modules": "all",
    "epochs": 5,
    "batch_size": 8,
    "learning_rate": 1e-05,
    "max_length": 128
  }
}