{
  "macro_f1": 0.3386632581159326,
  "micro_f1": 0.5251499769266267,
  "macro_kappa": NaN,
  "per_category_f1": {
    "ask a genuine question": 0.4489795918367347,
    "ask a rhetorical question": 0.38181818181818183,
    "provide a fact or claim": 0.75,
    "provide an observation": 0.4393063583815029,
    "express their opinion": 0.8811188811188811,
    "express others opinions": 0.2441860465116279,
    "money aid allocation": 0.3418803418803419,
    "government critique": 0.36486486486486486,
    "societal critique": 0.3448275862068966,
    "solutions/interventions": 0.6268656716417911,
    "personal interaction": 0.23225806451612904,
    "media portrayal": 0.0,
    "not in my backyard": 0.10714285714285714,
    "harmful generalization": 0.20408163265306123,
    "deserving/undeserving": 0.05128205128205128,
    "racist": 0.0
  },
  "per_category_precision": {
    "ask a genuine question": 0.6470588235294118,
    "ask a rhetorical question": 0.3387096774193548,
    "provide a fact or claim": 0.6346153846153846,
    "provide an observation": 0.3392857142857143,
    "express their opinion": 0.7941176470588235,
    "express others opinions": 0.14583333333333334,
    "money aid allocation": 0.22727272727272727,
    "government critique": 0.2288135593220339,
    "societal critique": 0.26666666666666666,
    "solutions/interventions": 0.6,
    "personal interaction": 0.13846153846153847,
    "media portrayal": 0.0,
    "not in my backyard": 0.07142857142857142,
    "harmful generalization": 0.21739130434782608,
    "deserving/undeserving": 0.02702702702702703,
    "racist": 0.0
  },
  "per_category_recall": {
    "ask a genuine question": 0.34375,
    "ask a rhetorical question": 0.4375,
    "provide a fact or claim": 0.9166666666666666,
    "provide an observation": 0.6229508196721312,
    "express their opinion": 0.9895287958115183,
    "express others opinions": 0.75,
    "money aid allocation": 0.6896551724137931,
    "government critique": 0.9,
    "societal critique": 0.4878048780487805,
    "solutions/interventions": 0.65625,
    "personal interaction": 0.72,
    "media portrayal": 0.0,
    "not in my backyard": 0.21428571428571427,
    "harmful generalization": 0.19230769230769232,
    "deserving/undeserving": 0.5,
    "racist": 0.0
  },
  "per_category_accuracy": {
    "ask a genuine question": 0.8911290322580645,
    "ask a rhetorical question": 0.7258064516129032,
    "provide a fact or claim": 0.6451612903225806,
    "provide an observation": 0.6088709677419355,
    "express their opinion": 0.7943548387096774,
    "express others opinions": 0.47580645161290325,
    "money aid allocation": 0.6895161290322581,
    "government critique": 0.6209677419354839,
    "societal critique": 0.6935483870967742,
    "solutions/interventions": 0.6975806451612904,
    "personal interaction": 0.5201612903225806,
    "media portrayal": 1.0,
    "not in my backyard": 0.7983870967741935,
    "harmful generalization": 0.842741935483871,
    "deserving/undeserving": 0.8508064516129032,
    "racist": 0.9959677419354839
  },
  "per_category_kappa": {
    "ask a genuine question": 0.3947939262472885,
    "ask a rhetorical question": 0.2093023255813954,
    "provide a fact or claim": 0.20327102803738306,
    "provide an observation": 0.17729138166894665,
    "express their opinion": 0.18273455673300598,
    "express others opinions": 0.06799259944495828,
    "money aid allocation": 0.20140515222482425,
    "government critique": 0.2130704833918443,
    "societal critique": 0.16668140419135202,
    "solutions/interventions": 0.3734842360549717,
    "personal interaction": 0.07601753287413893,
    "media portrayal": NaN,
    "not in my backyard": 0.02454373820012601,
    "harmful generalization": 0.11719605695509316,
    "deserving/undeserving": 0.03653926921461581,
    "racist": 0.0
  },
  "thresholds": [
    0.4000000059604645,
    0.3499999940395355,
    0.5,
    0.44999998807907104,
    0.550000011920929,
    0.3499999940395355,
    0.4000000059604645,
    0.4000000059604645,
    0.6499999761581421,
    0.4000000059604645,
    0.3499999940395355,
    0.5,
    0.3499999940395355,
    0.44999998807907104,
    0.5,
    0.5
  ],
  "training_config": {
    "model": "phi4",
    "source": "reddit",
    "use_lora": true,
    "lora_rank": 16,
    "lora_alpha": 32,
    "lora_dropout": 0.2,
    "lora_target_modules": "all",
    "epochs": 5,
    "batch_size": 8,
    "learning_rate": 1e-05,
    "max_length": 128,
    "eval_threshold": "val_opt",
    "fixed_threshold": 0.5
  },
  "val_metrics": {
    "epoch": 5,
    "val_loss": 0.11315442285230083,
    "macro_f1": 0.36933210978824166,
    "micro_f1": 0.5143929912390488,
    "macro_kappa": NaN,
    "per_label_f1": {
      "ask a genuine question": 0.6190476190476191,
      "ask a rhetorical question": 0.42718446601941745,
      "provide a fact or claim": 0.75,
      "provide an observation": 0.46153846153846156,
      "express their opinion": 0.8986175115207373,
      "express others opinions": 0.23170731707317074,
      "money aid allocation": 0.40310077519379844,
      "government critique": 0.38823529411764707,
      "societal critique": 0.328125,
      "solutions/interventions": 0.5567010309278351,
      "personal interaction": 0.2962962962962963,
      "media portrayal": 0.0,
      "not in my backyard": 0.16326530612244897,
      "harmful generalization": 0.3389830508474576,
      "deserving/undeserving": 0.046511627906976744,
      "racist": 0.0
    },
    "per_label_kappa": {
      "ask a genuine question": 0.0,
      "ask a rhetorical question": 0.0,
      "provide a fact or claim": 0.24807079646017705,
      "provide an observation": 0.20433571304196407,
      "express their opinion": 0.0,
      "express others opinions": 0.0,
      "money aid allocation": -0.007940884526304037,
      "government critique": 0.23324396782841827,
      "societal critique": 0.011736463056815194,
      "solutions/interventions": 0.04441897119931226,
      "personal interaction": 0.0,
      "media portrayal": 0.0,
      "not in my backyard": 0.0,
      "harmful generalization": 0.0,
      "deserving/undeserving": 0.01765447667087028,
      "racist": NaN
    }
  },
  "val_history": [
    {
      "epoch": 1,
      "train_loss": 0.13297595228213913,
      "train_macro_f1": 0.42318446947211097,
      "train_micro_f1": 0.5964752050313905,
      "val_loss": 0.12194641919866685,
      "val_macro_f1": 0.29342423481336083,
      "val_micro_f1": 0.5009993337774816,
      "val_macro_kappa": NaN
    },
    {
      "epoch": 2,
      "train_loss": 0.1165120459197824,
      "train_macro_f1": 0.4394777613707771,
      "train_micro_f1": 0.6127518248175182,
      "val_loss": 0.11714347788403111,
      "val_macro_f1": 0.32278478815373024,
      "val_micro_f1": 0.518849840255591,
      "val_macro_kappa": NaN
    },
    {
      "epoch": 3,
      "train_loss": 0.11253192095137082,
      "train_macro_f1": 0.46459735321141826,
      "train_micro_f1": 0.6307503760634288,
      "val_loss": 0.11554273338087144,
      "val_macro_f1": 0.3442194792467495,
      "val_micro_f1": 0.5096573208722741,
      "val_macro_kappa": NaN
    },
    {
      "epoch": 4,
      "train_loss": 0.11057738978468594,
      "train_macro_f1": 0.4763046327785908,
      "train_micro_f1": 0.6395976785884799,
      "val_loss": 0.11348822184147374,
      "val_macro_f1": 0.3580030599089906,
      "val_micro_f1": 0.5123028391167193,
      "val_macro_kappa": NaN
    },
    {
      "epoch": 5,
      "train_loss": 0.1095888043296512,
      "train_macro_f1": 0.4812261459665193,
      "train_micro_f1": 0.6436243856898769,
      "val_loss": 0.11315442285230083,
      "val_macro_f1": 0.36933210978824166,
      "val_micro_f1": 0.5143929912390488,
      "val_macro_kappa": NaN
    }
  ]
}