{
  "macro_f1": 0.4974259868715617,
  "micro_f1": 0.6677704194260485,
  "macro_kappa": 0.37379804728479965,
  "per_category_f1": {
    "ask a genuine question": 0.7,
    "ask a rhetorical question": 0.6823529411764706,
    "provide a fact or claim": 0.782051282051282,
    "provide an observation": 0.6330935251798561,
    "express their opinion": 0.8931116389548693,
    "express others opinions": 0.24615384615384617,
    "money aid allocation": 0.5333333333333333,
    "government critique": 0.6153846153846154,
    "societal critique": 0.42857142857142855,
    "solutions/interventions": 0.7203791469194313,
    "personal interaction": 0.625,
    "media portrayal": 0.0,
    "not in my backyard": 0.6111111111111112,
    "harmful generalization": 0.42857142857142855,
    "deserving/undeserving": 0.05970149253731343,
    "racist": 0.0
  },
  "per_category_precision": {
    "ask a genuine question": 0.75,
    "ask a rhetorical question": 0.7837837837837838,
    "provide a fact or claim": 0.7261904761904762,
    "provide an observation": 0.5641025641025641,
    "express their opinion": 0.8173913043478261,
    "express others opinions": 0.21621621621621623,
    "money aid allocation": 0.5161290322580645,
    "government critique": 0.5714285714285714,
    "societal critique": 0.3176470588235294,
    "solutions/interventions": 0.6608695652173913,
    "personal interaction": 0.5128205128205128,
    "media portrayal": 0.0,
    "not in my backyard": 0.5,
    "harmful generalization": 0.2916666666666667,
    "deserving/undeserving": 0.03076923076923077,
    "racist": 0.0
  },
  "per_category_recall": {
    "ask a genuine question": 0.65625,
    "ask a rhetorical question": 0.6041666666666666,
    "provide a fact or claim": 0.8472222222222222,
    "provide an observation": 0.7213114754098361,
    "express their opinion": 0.9842931937172775,
    "express others opinions": 0.2857142857142857,
    "money aid allocation": 0.5517241379310345,
    "government critique": 0.6666666666666666,
    "societal critique": 0.6585365853658537,
    "solutions/interventions": 0.7916666666666666,
    "personal interaction": 0.8,
    "media portrayal": 0.0,
    "not in my backyard": 0.7857142857142857,
    "harmful generalization": 0.8076923076923077,
    "deserving/undeserving": 1.0,
    "racist": 0.0
  },
  "per_category_accuracy": {
    "ask a genuine question": 0.9274193548387096,
    "ask a rhetorical question": 0.8911290322580645,
    "provide a fact or claim": 0.7258064516129032,
    "provide an observation": 0.7943548387096774,
    "express their opinion": 0.8185483870967742,
    "express others opinions": 0.8024193548387096,
    "money aid allocation": 0.8870967741935484,
    "government critique": 0.8991935483870968,
    "societal critique": 0.7096774193548387,
    "solutions/interventions": 0.7620967741935484,
    "personal interaction": 0.9032258064516129,
    "media portrayal": 0.9919354838709677,
    "not in my backyard": 0.9435483870967742,
    "harmful generalization": 0.7741935483870968,
    "deserving/undeserving": 0.7459677419354839,
    "racist": 0.9959677419354839
  },
  "per_category_kappa": {
    "ask a genuine question": 0.6589242053789731,
    "ask a rhetorical question": 0.6179826563213144,
    "provide a fact or claim": 0.41832229580573954,
    "provide an observation": 0.4931880108991825,
    "express their opinion": 0.3255982596084118,
    "express others opinions": 0.13496583143507968,
    "money aid allocation": 0.4691943127962085,
    "government critique": 0.557774607703281,
    "societal critique": 0.2645193179009804,
    "solutions/interventions": 0.5162655382174028,
    "personal interaction": 0.5724752190777187,
    "media portrayal": 0.0,
    "not in my backyard": 0.5822906641000962,
    "harmful generalization": 0.32451361867704287,
    "deserving/undeserving": 0.044754218635363,
    "racist": 0.0
  },
  "thresholds": [
    0.699999988079071,
    0.3499999940395355,
    0.5,
    0.6499999761581421,
    0.3499999940395355,
    0.44999998807907104,
    0.6499999761581421,
    0.6499999761581421,
    0.75,
    0.3499999940395355,
    0.5,
    0.5,
    0.550000011920929,
    0.4000000059604645,
    0.5,
    0.5
  ],
  "training_config": {
    "model": "roberta-base",
    "source": "reddit",
    "use_lora": false,
    "lora_rank": null,
    "lora_alpha": null,
    "lora_dropout": null,
    "lora_target_modules": null,
    "epochs": 5,
    "batch_size": 16,
    "learning_rate": 2e-05,
    "max_length": 128,
    "eval_threshold": "val_opt",
    "fixed_threshold": 0.5
  },
  "val_metrics": {
    "epoch": 2,
    "val_loss": 0.11229678522795439,
    "macro_f1": 0.590671521741031,
    "micro_f1": 0.6507177033492823,
    "macro_kappa": NaN,
    "per_label_f1": {
      "ask a genuine question": 0.8260869565217391,
      "ask a rhetorical question": 0.6233766233766234,
      "provide a fact or claim": 0.8164556962025317,
      "provide an observation": 0.7304347826086957,
      "express their opinion": 0.9133489461358314,
      "express others opinions": 0.41935483870967744,
      "money aid allocation": 0.5714285714285714,
      "government critique": 0.7012987012987013,
      "societal critique": 0.46551724137931033,
      "solutions/interventions": 0.69,
      "personal interaction": 0.6885245901639344,
      "media portrayal": 0.8,
      "not in my backyard": 0.5833333333333334,
      "harmful generalization": 0.5039370078740157,
      "deserving/undeserving": 0.11764705882352941,
      "racist": 0.0
    },
    "per_label_kappa": {
      "ask a genuine question": 0.7212399367993378,
      "ask a rhetorical question": 0.4145069532237674,
      "provide a fact or claim": 0.5061021857546715,
      "provide an observation": 0.4726108084229127,
      "express their opinion": 0.45802055664626395,
      "express others opinions": 0.2863039709403121,
      "money aid allocation": 0.43441282302911344,
      "government critique": 0.4130434782608695,
      "societal critique": 0.13950808078162247,
      "solutions/interventions": 0.4984099007624814,
      "personal interaction": 0.6447657255317538,
      "media portrayal": 0.7980376124284546,
      "not in my backyard": 0.5054347826086956,
      "harmful generalization": 0.38220424671385245,
      "deserving/undeserving": 0.08990420044215175,
      "racist": NaN
    }
  },
  "val_history": [
    {
      "epoch": 1,
      "train_loss": 0.07933928442866935,
      "train_macro_f1": 0.6274577025480637,
      "train_micro_f1": 0.7810163052081684,
      "val_loss": 0.10451021511107683,
      "val_macro_f1": 0.5723682695328155,
      "val_micro_f1": 0.65,
      "val_macro_kappa": NaN
    },
    {
      "epoch": 2,
      "train_loss": 0.06412135371753316,
      "train_macro_f1": 0.6992438726439842,
      "train_micro_f1": 0.832736518830741,
      "val_loss": 0.11229678522795439,
      "val_macro_f1": 0.590671521741031,
      "val_micro_f1": 0.6507177033492823,
      "val_macro_kappa": NaN
    },
    {
      "epoch": 3,
      "train_loss": 0.055753240117745066,
      "train_macro_f1": 0.733891771896098,
      "train_micro_f1": 0.8609206841770156,
      "val_loss": 0.11832974618300796,
      "val_macro_f1": 0.5677916185966709,
      "val_micro_f1": 0.6427038626609443,
      "val_macro_kappa": NaN
    },
    {
      "epoch": 4,
      "train_loss": 0.049428823158187245,
      "train_macro_f1": 0.7636469718958174,
      "train_micro_f1": 0.8813615700188491,
      "val_loss": 0.12240630993619561,
      "val_macro_f1": 0.5811989521517187,
      "val_micro_f1": 0.652014652014652,
      "val_macro_kappa": NaN
    },
    {
      "epoch": 5,
      "train_loss": 0.04488087941732966,
      "train_macro_f1": 0.7836515434284308,
      "train_micro_f1": 0.897064247252342,
      "val_loss": 0.12634381698444486,
      "val_macro_f1": 0.5802710660538934,
      "val_micro_f1": 0.6476492340200739,
      "val_macro_kappa": NaN
    }
  ]
}