{
  "macro_f1": 0.2047447085946646,
  "micro_f1": 0.5244885306881587,
  "macro_kappa": NaN,
  "per_category_f1": {
    "ask a genuine question": 0.0,
    "ask a rhetorical question": 0.0,
    "provide a fact or claim": 0.7492795389048992,
    "provide an observation": 0.4838709677419355,
    "express their opinion": 0.8701594533029613,
    "express others opinions": 0.0,
    "money aid allocation": 0.11428571428571428,
    "government critique": 0.39344262295081966,
    "societal critique": 0.2888086642599278,
    "solutions/interventions": 0.27350427350427353,
    "personal interaction": 0.0,
    "media portrayal": 0.0,
    "not in my backyard": 0.0,
    "harmful generalization": 0.0,
    "deserving/undeserving": 0.10256410256410256,
    "racist": 0.0
  },
  "per_category_precision": {
    "ask a genuine question": 0.0,
    "ask a rhetorical question": 0.0,
    "provide a fact or claim": 0.6403940886699507,
    "provide an observation": 0.47619047619047616,
    "express their opinion": 0.7701612903225806,
    "express others opinions": 0.0,
    "money aid allocation": 0.3333333333333333,
    "government critique": 0.3870967741935484,
    "societal critique": 0.1694915254237288,
    "solutions/interventions": 0.7619047619047619,
    "personal interaction": 0.0,
    "media portrayal": 0.0,
    "not in my backyard": 0.0,
    "harmful generalization": 0.0,
    "deserving/undeserving": 0.05405405405405406,
    "racist": 0.0
  },
  "per_category_recall": {
    "ask a genuine question": 0.0,
    "ask a rhetorical question": 0.0,
    "provide a fact or claim": 0.9027777777777778,
    "provide an observation": 0.4918032786885246,
    "express their opinion": 1.0,
    "express others opinions": 0.0,
    "money aid allocation": 0.06896551724137931,
    "government critique": 0.4,
    "societal critique": 0.975609756097561,
    "solutions/interventions": 0.16666666666666666,
    "personal interaction": 0.0,
    "media portrayal": 0.0,
    "not in my backyard": 0.0,
    "harmful generalization": 0.0,
    "deserving/undeserving": 1.0,
    "racist": 0.0
  },
  "per_category_accuracy": {
    "ask a genuine question": 0.8709677419354839,
    "ask a rhetorical question": 0.8064516129032258,
    "provide a fact or claim": 0.6491935483870968,
    "provide an observation": 0.7419354838709677,
    "express their opinion": 0.7701612903225806,
    "express others opinions": 0.8870967741935484,
    "money aid allocation": 0.875,
    "government critique": 0.8508064516129032,
    "societal critique": 0.2056451612903226,
    "solutions/interventions": 0.657258064516129,
    "personal interaction": 0.8991935483870968,
    "media portrayal": 1.0,
    "not in my backyard": 0.9435483870967742,
    "harmful generalization": 0.8951612903225806,
    "deserving/undeserving": 0.8588709677419355,
    "racist": 0.9959677419354839
  },
  "per_category_kappa": {
    "ask a genuine question": 0.0,
    "ask a rhetorical question": 0.0,
    "provide a fact or claim": 0.21803421281530877,
    "provide an observation": 0.31188762681002347,
    "express their opinion": 0.0,
    "express others opinions": 0.0,
    "money aid allocation": 0.07729236677868456,
    "government critique": 0.30841121495327106,
    "societal critique": 0.009889753566796222,
    "solutions/interventions": 0.15626000640409865,
    "personal interaction": 0.0,
    "media portrayal": NaN,
    "not in my backyard": 0.0,
    "harmful generalization": 0.0,
    "deserving/undeserving": 0.08861822763544736,
    "racist": 0.0
  },
  "thresholds": [
    0.5,
    0.5,
    0.5,
    0.5,
    0.5,
    0.5,
    0.5,
    0.5,
    0.5,
    0.5,
    0.5,
    0.5,
    0.5,
    0.5,
    0.5,
    0.5
  ],
  "training_config": {
    "model": "phi4",
    "source": "reddit",
    "use_lora": true,
    "lora_rank": 16,
    "lora_alpha": 32,
    "lora_dropout": 0.2,
    "lora_target_modules": "all",
    "epochs": 5,
    "batch_size": 8,
    "learning_rate": 1e-05,
    "max_length": 128,
    "eval_threshold": "fixed",
    "fixed_threshold": 0.5
  },
  "val_metrics": {
    "epoch": 5,
    "val_loss": 0.11095752975633068,
    "macro_f1": 0.39810314900626087,
    "micro_f1": 0.5303314571607255,
    "macro_kappa": NaN,
    "per_label_f1": {
      "ask a genuine question": 0.5714285714285714,
      "ask a rhetorical question": 0.42718446601941745,
      "provide a fact or claim": 0.7383720930232558,
      "provide an observation": 0.5573770491803278,
      "express their opinion": 0.9029126213592233,
      "express others opinions": 0.22857142857142856,
      "money aid allocation": 0.45901639344262296,
      "government critique": 0.46846846846846846,
      "societal critique": 0.3619047619047619,
      "solutions/interventions": 0.5527638190954773,
      "personal interaction": 0.47761194029850745,
      "media portrayal": 0.0,
      "not in my backyard": 0.12903225806451613,
      "harmful generalization": 0.3673469387755102,
      "deserving/undeserving": 0.1276595744680851,
      "racist": 0.0
    },
    "per_label_kappa": {
      "ask a genuine question": 0.0,
      "ask a rhetorical question": 0.0,
      "provide a fact or claim": 0.21309734513274337,
      "provide an observation": 0.4126816380449141,
      "express their opinion": 0.0,
      "express others opinions": 0.0,
      "money aid allocation": 0.03787059078121613,
      "government critique": 0.2940397350993378,
      "societal critique": 0.013464547475912081,
      "solutions/interventions": 0.08381906642901882,
      "personal interaction": 0.0,
      "media portrayal": 0.0,
      "not in my backyard": 0.0,
      "harmful generalization": 0.0,
      "deserving/undeserving": 0.10102086107412345,
      "racist": NaN
    }
  },
  "val_history": [
    {
      "epoch": 1,
      "train_loss": 0.13295188001308558,
      "train_macro_f1": 0.42222119849730794,
      "train_micro_f1": 0.5968926679428394,
      "val_loss": 0.1220529935052318,
      "val_macro_f1": 0.2944584428755127,
      "val_micro_f1": 0.5009993337774816,
      "val_macro_kappa": NaN
    },
    {
      "epoch": 2,
      "train_loss": 0.11608332250700769,
      "train_macro_f1": 0.44360924712776106,
      "train_micro_f1": 0.6121263702345425,
      "val_loss": 0.11426325863407504,
      "val_macro_f1": 0.32928821235588585,
      "val_micro_f1": 0.5123859191655802,
      "val_macro_kappa": NaN
    },
    {
      "epoch": 3,
      "train_loss": 0.11161104613842836,
      "train_macro_f1": 0.47380708030353824,
      "train_micro_f1": 0.63256359462494,
      "val_loss": 0.11282079570716427,
      "val_macro_f1": 0.3643584870398756,
      "val_micro_f1": 0.5148771021992238,
      "val_macro_kappa": NaN
    },
    {
      "epoch": 4,
      "train_loss": 0.10861357029213754,
      "train_macro_f1": 0.489959449947572,
      "train_micro_f1": 0.6452672386580076,
      "val_loss": 0.11070069238062828,
      "val_macro_f1": 0.3878858615831526,
      "val_micro_f1": 0.5268477574226152,
      "val_macro_kappa": NaN
    },
    {
      "epoch": 5,
      "train_loss": 0.10683733494132898,
      "train_macro_f1": 0.5035270168660145,
      "train_micro_f1": 0.6551300249729665,
      "val_loss": 0.11095752975633068,
      "val_macro_f1": 0.39810314900626087,
      "val_micro_f1": 0.5303314571607255,
      "val_macro_kappa": NaN
    }
  ]
}