{
  "macro_f1": 0.3914809079726036,
  "micro_f1": 0.6085985482970407,
  "per_category_f1": {
    "ask a genuine question": 0.576271186440678,
    "ask a rhetorical question": 0.24561403508771928,
    "provide a fact or claim": 0.7598784194528876,
    "provide an observation": 0.6272189349112426,
    "express their opinion": 0.8962264150943396,
    "express others opinions": 0.2857142857142857,
    "money aid allocation": 0.5405405405405406,
    "government critique": 0.5365853658536586,
    "societal critique": 0.34934497816593885,
    "solutions/interventions": 0.5466666666666666,
    "personal interaction": 0.46153846153846156,
    "media portrayal": 0.0,
    "not in my backyard": 0.0,
    "harmful generalization": 0.36666666666666664,
    "deserving/undeserving": 0.07142857142857142,
    "racist": 0.0
  },
  "per_category_precision": {
    "ask a genuine question": 0.6296296296296297,
    "ask a rhetorical question": 0.7777777777777778,
    "provide a fact or claim": 0.6756756756756757,
    "provide an observation": 0.49074074074074076,
    "express their opinion": 0.8154506437768241,
    "express others opinions": 0.7142857142857143,
    "money aid allocation": 0.4444444444444444,
    "government critique": 0.4230769230769231,
    "societal critique": 0.2127659574468085,
    "solutions/interventions": 0.7592592592592593,
    "personal interaction": 0.4444444444444444,
    "media portrayal": 0.0,
    "not in my backyard": 0.0,
    "harmful generalization": 0.3235294117647059,
    "deserving/undeserving": 0.037037037037037035,
    "racist": 0.0
  },
  "per_category_recall": {
    "ask a genuine question": 0.53125,
    "ask a rhetorical question": 0.14583333333333334,
    "provide a fact or claim": 0.8680555555555556,
    "provide an observation": 0.8688524590163934,
    "express their opinion": 0.9947643979057592,
    "express others opinions": 0.17857142857142858,
    "money aid allocation": 0.6896551724137931,
    "government critique": 0.7333333333333333,
    "societal critique": 0.975609756097561,
    "solutions/interventions": 0.4270833333333333,
    "personal interaction": 0.48,
    "media portrayal": 0.0,
    "not in my backyard": 0.0,
    "harmful generalization": 0.4230769230769231,
    "deserving/undeserving": 1.0,
    "racist": 0.0
  },
  "thresholds": [
    0.5,
    0.5,
    0.5,
    0.5,
    0.5,
    0.5,
    0.5,
    0.5,
    0.5,
    0.5,
    0.5,
    0.5,
    0.5,
    0.5,
    0.5,
    0.5
  ],
  "training_config": {
    "model": "bert-base-uncased",
    "source": "reddit",
    "use_lora": true,
    "lora_rank": 16,
    "lora_alpha": 32,
    "lora_dropout": 0.1,
    "lora_target_modules": "all",
    "epochs": 5,
    "batch_size": 16,
    "learning_rate": 1e-05,
    "max_length": 128,
    "eval_threshold": "fixed",
    "fixed_threshold": 0.5
  },
  "val_metrics": {
    "epoch": 5,
    "val_loss": 0.09966346807777882,
    "macro_f1": 0.517973708453042,
    "micro_f1": 0.6256239600665557,
    "per_label_f1": {
      "ask a genuine question": 0.7407407407407407,
      "ask a rhetorical question": 0.625,
      "provide a fact or claim": 0.7714285714285715,
      "provide an observation": 0.7049180327868853,
      "express their opinion": 0.9138755980861244,
      "express others opinions": 0.3902439024390244,
      "money aid allocation": 0.5714285714285714,
      "government critique": 0.5370370370370371,
      "societal critique": 0.45977011494252873,
      "solutions/interventions": 0.6804123711340206,
      "personal interaction": 0.5945945945945946,
      "media portrayal": 0.18181818181818182,
      "not in my backyard": 0.2926829268292683,
      "harmful generalization": 0.5569620253164557,
      "deserving/undeserving": 0.26666666666666666,
      "racist": 0.0
    }
  },
  "val_history": [
    {
      "epoch": 1,
      "train_loss": 0.11785641975538733,
      "train_macro_f1": 0.44595721491697404,
      "train_micro_f1": 0.6095082374368739,
      "val_loss": 0.10702002653852105,
      "val_macro_f1": 0.42253265427327974,
      "val_micro_f1": 0.5678160919540229
    },
    {
      "epoch": 2,
      "train_loss": 0.09662093781111031,
      "train_macro_f1": 0.5451930135154082,
      "train_micro_f1": 0.7092698262883805,
      "val_loss": 0.10167119791731238,
      "val_macro_f1": 0.48143986600762667,
      "val_micro_f1": 0.6031567080045096
    },
    {
      "epoch": 3,
      "train_loss": 0.09034620489054619,
      "train_macro_f1": 0.577071718256778,
      "train_micro_f1": 0.735139694391955,
      "val_loss": 0.10095702903345227,
      "val_macro_f1": 0.5009522161544802,
      "val_micro_f1": 0.6201896263245956
    },
    {
      "epoch": 4,
      "train_loss": 0.087605036166034,
      "train_macro_f1": 0.5891659029303167,
      "train_micro_f1": 0.7460213817232071,
      "val_loss": 0.09951489698141813,
      "val_macro_f1": 0.5168415376813792,
      "val_micro_f1": 0.6276889134031991
    },
    {
      "epoch": 5,
      "train_loss": 0.08646710497541256,
      "train_macro_f1": 0.5936012893231917,
      "train_micro_f1": 0.7502899687028194,
      "val_loss": 0.09966346807777882,
      "val_macro_f1": 0.517973708453042,
      "val_micro_f1": 0.6256239600665557
    }
  ]
}