{
  "macro_f1": 0.49555007772231763,
  "micro_f1": 0.6442105263157895,
  "macro_kappa": 0.3725834683088991,
  "per_category_f1": {
    "ask a genuine question": 0.6875,
    "ask a rhetorical question": 0.6352941176470588,
    "provide a fact or claim": 0.7733333333333333,
    "provide an observation": 0.6265060240963856,
    "express their opinion": 0.8926829268292683,
    "express others opinions": 0.3582089552238806,
    "money aid allocation": 0.5333333333333333,
    "government critique": 0.6341463414634146,
    "societal critique": 0.38974358974358975,
    "solutions/interventions": 0.694300518134715,
    "personal interaction": 0.6,
    "media portrayal": 0.0,
    "not in my backyard": 0.5945945945945946,
    "harmful generalization": 0.46153846153846156,
    "deserving/undeserving": 0.047619047619047616,
    "racist": 0.0
  },
  "per_category_precision": {
    "ask a genuine question": 0.6875,
    "ask a rhetorical question": 0.7297297297297297,
    "provide a fact or claim": 0.7435897435897436,
    "provide an observation": 0.49523809523809526,
    "express their opinion": 0.8356164383561644,
    "express others opinions": 0.3076923076923077,
    "money aid allocation": 0.43478260869565216,
    "government critique": 0.5,
    "societal critique": 0.24675324675324675,
    "solutions/interventions": 0.6907216494845361,
    "personal interaction": 0.4666666666666667,
    "media portrayal": 0.0,
    "not in my backyard": 0.4782608695652174,
    "harmful generalization": 0.38461538461538464,
    "deserving/undeserving": 0.024390243902439025,
    "racist": 0.0
  },
  "per_category_recall": {
    "ask a genuine question": 0.6875,
    "ask a rhetorical question": 0.5625,
    "provide a fact or claim": 0.8055555555555556,
    "provide an observation": 0.8524590163934426,
    "express their opinion": 0.9581151832460733,
    "express others opinions": 0.42857142857142855,
    "money aid allocation": 0.6896551724137931,
    "government critique": 0.8666666666666667,
    "societal critique": 0.926829268292683,
    "solutions/interventions": 0.6979166666666666,
    "personal interaction": 0.84,
    "media portrayal": 0.0,
    "not in my backyard": 0.7857142857142857,
    "harmful generalization": 0.5769230769230769,
    "deserving/undeserving": 1.0,
    "racist": 0.0
  },
  "per_category_accuracy": {
    "ask a genuine question": 0.9193548387096774,
    "ask a rhetorical question": 0.875,
    "provide a fact or claim": 0.7258064516129032,
    "provide an observation": 0.75,
    "express their opinion": 0.8225806451612904,
    "express others opinions": 0.8266129032258065,
    "money aid allocation": 0.8588709677419355,
    "government critique": 0.8790322580645161,
    "societal critique": 0.5201612903225806,
    "solutions/interventions": 0.7620967741935484,
    "personal interaction": 0.8870967741935484,
    "media portrayal": 0.9758064516129032,
    "not in my backyard": 0.9395161290322581,
    "harmful generalization": 0.8588709677419355,
    "deserving/undeserving": 0.6774193548387096,
    "racist": 0.9959677419354839
  },
  "per_category_kappa": {
    "ask a genuine question": 0.6412037037037037,
    "ask a rhetorical question": 0.5613874942948425,
    "provide a fact or claim": 0.4277958740499457,
    "provide an observation": 0.4577896889766556,
    "express their opinion": 0.3945178115636444,
    "express others opinions": 0.26108647450110856,
    "money aid allocation": 0.4551845342706502,
    "government critique": 0.5678438661710037,
    "societal critique": 0.17407365946490527,
    "solutions/interventions": 0.4995896032831737,
    "personal interaction": 0.5404367968232958,
    "media portrayal": 0.0,
    "not in my backyard": 0.5639943741209564,
    "harmful generalization": 0.38404768663071254,
    "deserving/undeserving": 0.03238392508778787,
    "racist": 0.0
  },
  "thresholds": [
    0.6000000238418579,
    0.30000001192092896,
    0.6499999761581421,
    0.6000000238418579,
    0.4000000059604645,
    0.550000011920929,
    0.6000000238418579,
    0.6000000238418579,
    0.699999988079071,
    0.30000001192092896,
    0.44999998807907104,
    0.5,
    0.5,
    0.6000000238418579,
    0.5,
    0.5
  ],
  "training_config": {
    "model": "modernbert-base",
    "source": "reddit",
    "use_lora": false,
    "lora_rank": null,
    "lora_alpha": null,
    "lora_dropout": null,
    "lora_target_modules": null,
    "epochs": 5,
    "batch_size": 16,
    "learning_rate": 2e-05,
    "max_length": 128,
    "eval_threshold": "val_opt",
    "fixed_threshold": 0.5
  },
  "val_metrics": {
    "epoch": 2,
    "val_loss": 0.11934216786175966,
    "macro_f1": 0.5704398097222825,
    "micro_f1": 0.6468039003250271,
    "macro_kappa": NaN,
    "per_label_f1": {
      "ask a genuine question": 0.851063829787234,
      "ask a rhetorical question": 0.7252747252747253,
      "provide a fact or claim": 0.8042704626334519,
      "provide an observation": 0.7096774193548387,
      "express their opinion": 0.9238095238095239,
      "express others opinions": 0.47619047619047616,
      "money aid allocation": 0.6197183098591549,
      "government critique": 0.7222222222222222,
      "societal critique": 0.4358974358974359,
      "solutions/interventions": 0.7040816326530612,
      "personal interaction": 0.6388888888888888,
      "media portrayal": 0.4,
      "not in my backyard": 0.5,
      "harmful generalization": 0.5,
      "deserving/undeserving": 0.11594202898550725,
      "racist": 0.0
    },
    "per_label_kappa": {
      "ask a genuine question": 0.7665038600913817,
      "ask a rhetorical question": 0.42920967493452467,
      "provide a fact or claim": 0.44286358746573207,
      "provide an observation": 0.4993243243243243,
      "express their opinion": 0.4677034189527637,
      "express others opinions": 0.41218467396477865,
      "money aid allocation": 0.4508670520231214,
      "government critique": 0.47895791583166336,
      "societal critique": 0.1486455434421834,
      "solutions/interventions": 0.41780192561224083,
      "personal interaction": 0.48714827808405525,
      "media portrayal": 0.39411283728536384,
      "not in my backyard": 0.47141546927545097,
      "harmful generalization": 0.3513513513513513,
      "deserving/undeserving": 0.0881195908733281,
      "racist": NaN
    }
  },
  "val_history": [
    {
      "epoch": 1,
      "train_loss": 0.07670245378462345,
      "train_macro_f1": 0.6327276332173133,
      "train_micro_f1": 0.7845932034046212,
      "val_loss": 0.10256613604724407,
      "val_macro_f1": 0.5407328767685496,
      "val_micro_f1": 0.6625971143174251,
      "val_macro_kappa": NaN
    },
    {
      "epoch": 2,
      "train_loss": 0.05783066141719568,
      "train_macro_f1": 0.716823238851361,
      "train_micro_f1": 0.8456974672759662,
      "val_loss": 0.11934216786175966,
      "val_macro_f1": 0.5704398097222825,
      "val_micro_f1": 0.6468039003250271,
      "val_macro_kappa": NaN
    },
    {
      "epoch": 3,
      "train_loss": 0.04218678708146824,
      "train_macro_f1": 0.7819347488473218,
      "train_micro_f1": 0.8912188889331466,
      "val_loss": 0.18844075873494148,
      "val_macro_f1": 0.5515320781277937,
      "val_micro_f1": 0.64648537711647,
      "val_macro_kappa": NaN
    },
    {
      "epoch": 4,
      "train_loss": 0.023925889534972673,
      "train_macro_f1": 0.8648545577559452,
      "train_micro_f1": 0.9424948875255623,
      "val_loss": 0.29818055871874094,
      "val_macro_f1": 0.5425870181379079,
      "val_micro_f1": 0.6479750778816199,
      "val_macro_kappa": NaN
    },
    {
      "epoch": 5,
      "train_loss": 0.010645268226897937,
      "train_macro_f1": 0.9429309340756186,
      "train_micro_f1": 0.9785493064677456,
      "val_loss": 0.405127034522593,
      "val_macro_f1": 0.5381071275806422,
      "val_micro_f1": 0.6368312757201646,
      "val_macro_kappa": NaN
    }
  ]
}