{
  "macro_f1": 0.5070256957567275,
  "micro_f1": 0.6811764705882353,
  "per_category_f1": {
    "ask a genuine question": 0.7619047619047619,
    "ask a rhetorical question": 0.6666666666666666,
    "provide a fact or claim": 0.7884615384615384,
    "provide an observation": 0.6617647058823529,
    "express their opinion": 0.8888888888888888,
    "express others opinions": 0.32967032967032966,
    "money aid allocation": 0.48,
    "government critique": 0.5882352941176471,
    "societal critique": 0.411214953271028,
    "solutions/interventions": 0.6881720430107527,
    "personal interaction": 0.59375,
    "media portrayal": 0.0,
    "not in my backyard": 0.6285714285714286,
    "harmful generalization": 0.48717948717948717,
    "deserving/undeserving": 0.13793103448275862,
    "racist": 0.0
  },
  "per_category_precision": {
    "ask a genuine question": 0.7741935483870968,
    "ask a rhetorical question": 0.8181818181818182,
    "provide a fact or claim": 0.7321428571428571,
    "provide an observation": 0.6,
    "express their opinion": 0.8585365853658536,
    "express others opinions": 0.23809523809523808,
    "money aid allocation": 0.5714285714285714,
    "government critique": 0.5263157894736842,
    "societal critique": 0.3333333333333333,
    "solutions/interventions": 0.7111111111111111,
    "personal interaction": 0.48717948717948717,
    "media portrayal": 0.0,
    "not in my backyard": 0.5238095238095238,
    "harmful generalization": 0.36538461538461536,
    "deserving/undeserving": 0.07407407407407407,
    "racist": 0.0
  },
  "per_category_recall": {
    "ask a genuine question": 0.75,
    "ask a rhetorical question": 0.5625,
    "provide a fact or claim": 0.8541666666666666,
    "provide an observation": 0.7377049180327869,
    "express their opinion": 0.9214659685863874,
    "express others opinions": 0.5357142857142857,
    "money aid allocation": 0.41379310344827586,
    "government critique": 0.6666666666666666,
    "societal critique": 0.5365853658536586,
    "solutions/interventions": 0.6666666666666666,
    "personal interaction": 0.76,
    "media portrayal": 0.0,
    "not in my backyard": 0.7857142857142857,
    "harmful generalization": 0.7307692307692307,
    "deserving/undeserving": 1.0,
    "racist": 0.0
  },
  "training_config": {
    "model": "roberta-base",
    "source": "reddit",
    "use_lora": false,
    "lora_rank": null,
    "lora_alpha": null,
    "lora_dropout": null,
    "lora_target_modules": null,
    "epochs": 5,
    "batch_size": 16,
    "learning_rate": 2e-05,
    "max_length": 128,
    "train_on_gold": "gpt_only"
  },
  "thresholds": [
    0.6000000000000002,
    0.40000000000000013,
    0.5000000000000001,
    0.6500000000000001,
    0.5500000000000002,
    0.3500000000000001,
    0.7500000000000002,
    0.6500000000000001,
    0.8500000000000003,
    0.40000000000000013,
    0.40000000000000013,
    0.5000000000000001,
    0.5000000000000001,
    0.5000000000000001,
    0.7500000000000002,
    0.5
  ]
}