{
  "macro_f1": 0.11653229891406977,
  "micro_f1": 0.15270708005552985,
  "per_category_f1": {
    "ask a genuine question": 0.06060606060606061,
    "ask a rhetorical question": 0.2956521739130435,
    "provide a fact or claim": 0.02702702702702703,
    "provide an observation": 0.38961038961038963,
    "express their opinion": 0.07960199004975124,
    "express others opinions": 0.2978723404255319,
    "money aid allocation": 0.17142857142857143,
    "government critique": 0.11764705882352941,
    "societal critique": 0.11627906976744186,
    "solutions/interventions": 0.020202020202020204,
    "personal interaction": 0.0,
    "media portrayal": 0.0,
    "not in my backyard": 0.07017543859649122,
    "harmful generalization": 0.1885245901639344,
    "deserving/undeserving": 0.02185792349726776,
    "racist": 0.008032128514056224
  },
  "per_category_precision": {
    "ask a genuine question": 1.0,
    "ask a rhetorical question": 0.18681318681318682,
    "provide a fact or claim": 0.5,
    "provide an observation": 0.242914979757085,
    "express their opinion": 0.8,
    "express others opinions": 0.21212121212121213,
    "money aid allocation": 0.11842105263157894,
    "government critique": 0.14285714285714285,
    "societal critique": 0.1111111111111111,
    "solutions/interventions": 0.3333333333333333,
    "personal interaction": 0.0,
    "media portrayal": 0.0,
    "not in my backyard": 0.046511627906976744,
    "harmful generalization": 0.10550458715596331,
    "deserving/undeserving": 0.011049723756906077,
    "racist": 0.004032258064516129
  },
  "per_category_recall": {
    "ask a genuine question": 0.03125,
    "ask a rhetorical question": 0.7083333333333334,
    "provide a fact or claim": 0.013888888888888888,
    "provide an observation": 0.9836065573770492,
    "express their opinion": 0.041884816753926704,
    "express others opinions": 0.5,
    "money aid allocation": 0.3103448275862069,
    "government critique": 0.1,
    "societal critique": 0.12195121951219512,
    "solutions/interventions": 0.010416666666666666,
    "personal interaction": 0.0,
    "media portrayal": 0.0,
    "not in my backyard": 0.14285714285714285,
    "harmful generalization": 0.8846153846153846,
    "deserving/undeserving": 1.0,
    "racist": 1.0
  },
  "training_config": {
    "model": "phi4",
    "source": "reddit",
    "use_lora": true,
    "lora_rank": 16,
    "lora_alpha": 32,
    "lora_dropout": 0.1,
    "lora_target_modules": "all",
    "epochs": 5,
    "batch_size": 16,
    "learning_rate": 1e-05,
    "max_length": 128
  }
}