{
  "source": "reddit",
  "model": "modernbert-base-final",
  "use_smote": false,
  "macro_f1": 0.3210846234168761,
  "micro_f1": 0.4172549019607843,
  "subset_accuracy": 0.0,
  "hamming_loss": 0.4597772277227723,
  "macro_precision": 0.2628310681260062,
  "macro_recall": 0.6637509456924533,
  "micro_precision": 0.28663793103448276,
  "micro_recall": 0.7665706051873199,
  "best_thresholds": [
    0.45,
    0.30000000000000004,
    0.4,
    0.4,
    0.55,
    0.30000000000000004,
    0.30000000000000004,
    0.35000000000000003,
    0.30000000000000004,
    0.45,
    0.25,
    0.2,
    0.35000000000000003,
    0.35000000000000003,
    0.35000000000000003,
    0.2
  ],
  "train_size": 349,
  "val_size": 50,
  "test_size": 101,
  "num_labels": 16,
  "label_f1_scores": {
    "ask a genuine question": 0.11764705882352941,
    "ask a rhetorical question": 0.22,
    "provide a fact or claim": 0.7421383647798742,
    "provide an observation": 0.4827586206896552,
    "express their opinion": 0.8862275449101796,
    "express others opinions": 0.2222222222222222,
    "money aid allocation": 0.3269230769230769,
    "government critique": 0.20512820512820512,
    "societal critique": 0.25,
    "solutions/interventions": 0.49056603773584906,
    "personal interaction": 0.1951219512195122,
    "media portrayal": 0.1891891891891892,
    "not in my backyard": 0.36363636363636365,
    "harmful generalization": 0.2553191489361702,
    "deserving/undeserving": 0.19047619047619047,
    "racist": 0.0
  },
  "label_precision_scores": {
    "ask a genuine question": 0.2,
    "ask a rhetorical question": 0.12359550561797752,
    "provide a fact or claim": 0.59,
    "provide an observation": 0.5185185185185185,
    "express their opinion": 0.8705882352941177,
    "express others opinions": 0.12962962962962962,
    "money aid allocation": 0.19540229885057472,
    "government critique": 0.19047619047619047,
    "societal critique": 0.14285714285714285,
    "solutions/interventions": 0.35135135135135137,
    "personal interaction": 0.11267605633802817,
    "media portrayal": 0.1044776119402985,
    "not in my backyard": 0.22784810126582278,
    "harmful generalization": 0.16216216216216217,
    "deserving/undeserving": 0.2857142857142857,
    "racist": 0.0
  },
  "label_recall_scores": {
    "ask a genuine question": 0.08333333333333333,
    "ask a rhetorical question": 1.0,
    "provide a fact or claim": 1.0,
    "provide an observation": 0.45161290322580644,
    "express their opinion": 0.9024390243902439,
    "express others opinions": 0.7777777777777778,
    "money aid allocation": 1.0,
    "government critique": 0.2222222222222222,
    "societal critique": 1.0,
    "solutions/interventions": 0.8125,
    "personal interaction": 0.7272727272727273,
    "media portrayal": 1.0,
    "not in my backyard": 0.9,
    "harmful generalization": 0.6,
    "deserving/undeserving": 0.14285714285714285,
    "racist": 0.0
  },
  "label_accuracy_scores": {
    "ask a genuine question": 0.8514851485148515,
    "ask a rhetorical question": 0.22772277227722773,
    "provide a fact or claim": 0.594059405940594,
    "provide an observation": 0.7029702970297029,
    "express their opinion": 0.8118811881188119,
    "express others opinions": 0.5148514851485149,
    "money aid allocation": 0.3069306930693069,
    "government critique": 0.693069306930693,
    "societal critique": 0.2871287128712871,
    "solutions/interventions": 0.46534653465346537,
    "personal interaction": 0.3465346534653465,
    "media portrayal": 0.40594059405940597,
    "not in my backyard": 0.37623762376237624,
    "harmful generalization": 0.6534653465346535,
    "deserving/undeserving": 0.8316831683168316,
    "racist": 0.5742574257425742
  },
  "label_support_pos": {
    "ask a genuine question": 12,
    "ask a rhetorical question": 11,
    "provide a fact or claim": 59,
    "provide an observation": 31,
    "express their opinion": 82,
    "express others opinions": 9,
    "money aid allocation": 17,
    "government critique": 18,
    "societal critique": 12,
    "solutions/interventions": 32,
    "personal interaction": 11,
    "media portrayal": 7,
    "not in my backyard": 20,
    "harmful generalization": 10,
    "deserving/undeserving": 14,
    "racist": 2
  },
  "label_support_neg": {
    "ask a genuine question": 89,
    "ask a rhetorical question": 90,
    "provide a fact or claim": 42,
    "provide an observation": 70,
    "express their opinion": 19,
    "express others opinions": 92,
    "money aid allocation": 84,
    "government critique": 83,
    "societal critique": 89,
    "solutions/interventions": 69,
    "personal interaction": 90,
    "media portrayal": 94,
    "not in my backyard": 81,
    "harmful generalization": 91,
    "deserving/undeserving": 87,
    "racist": 99
  },
  "label_roc_auc": {
    "ask a genuine question": 0.648876404494382,
    "ask a rhetorical question": 0.6484848484848484,
    "provide a fact or claim": 0.6888619854721549,
    "provide an observation": 0.7105990783410138,
    "express their opinion": 0.7086007702182285,
    "express others opinions": 0.7161835748792271,
    "money aid allocation": 0.67296918767507,
    "government critique": 0.5823293172690762,
    "societal critique": 0.6217228464419475,
    "solutions/interventions": 0.6082427536231884,
    "personal interaction": 0.5353535353535352,
    "media portrayal": 0.7993920972644377,
    "not in my backyard": 0.6382716049382716,
    "harmful generalization": 0.743956043956044,
    "deserving/undeserving": 0.5796387520525452,
    "racist": 0.3282828282828283
  },
  "label_average_precision": {
    "ask a genuine question": 0.2070896299788975,
    "ask a rhetorical question": 0.25014932758241915,
    "provide a fact or claim": 0.7642825842390416,
    "provide an observation": 0.5890098488456293,
    "express their opinion": 0.8936499415761114,
    "express others opinions": 0.26583434208114515,
    "money aid allocation": 0.2943321562519008,
    "government critique": 0.21311363573339426,
    "societal critique": 0.17193538265984867,
    "solutions/interventions": 0.43497592645952377,
    "personal interaction": 0.1458005098102532,
    "media portrayal": 0.2134016324396189,
    "not in my backyard": 0.2610892397432283,
    "harmful generalization": 0.22955684666210982,
    "deserving/undeserving": 0.1867438238212342,
    "racist": 0.021430157672662667
  },
  "synthetic_counts_per_category": null,
  "total_synthetic_samples": null
}