category,f1_score,precision,recall,threshold,synthetic_added
ask a genuine question,0.43478260869565216,0.45454545454545453,0.4166666666666667,0.55,24
ask a rhetorical question,0.3,0.1836734693877551,0.8181818181818182,0.30000000000000004,32
provide a fact or claim,0.7050359712230215,0.6125,0.8305084745762712,0.4,0
provide an observation,0.6031746031746031,0.59375,0.6129032258064516,0.30000000000000004,30
express their opinion,0.9058823529411765,0.875,0.9390243902439024,0.4,0
express others opinions,0.19672131147540983,0.11538461538461539,0.6666666666666666,0.2,70
money aid allocation,0.46153846153846156,0.3125,0.8823529411764706,0.25,59
government critique,0.5106382978723404,0.41379310344827586,0.6666666666666666,0.4,60
societal critique,0.1951219512195122,0.11428571428571428,0.6666666666666666,0.2,44
solutions/interventions,0.5747126436781609,0.45454545454545453,0.78125,0.4,0
personal interaction,0.2962962962962963,0.18604651162790697,0.7272727272727273,0.2,67
media portrayal,0.45161290322580644,0.2916666666666667,1.0,0.15000000000000002,89
not in my backyard,0.45161290322580644,0.3333333333333333,0.7,0.35000000000000003,27
harmful generalization,0.3125,0.18518518518518517,1.0,0.2,57
deserving/undeserving,0.125,0.5,0.07142857142857142,0.45,68
racist,0.0,0.0,0.0,0.2,96
