category,f1_score,precision,recall,threshold,synthetic_added
ask a genuine question,0.11764705882352941,0.2,0.08333333333333333,0.45,0
ask a rhetorical question,0.22,0.12359550561797752,1.0,0.30000000000000004,0
provide a fact or claim,0.7421383647798742,0.59,1.0,0.4,0
provide an observation,0.4827586206896552,0.5185185185185185,0.45161290322580644,0.4,0
express their opinion,0.8862275449101796,0.8705882352941177,0.9024390243902439,0.55,0
express others opinions,0.2222222222222222,0.12962962962962962,0.7777777777777778,0.30000000000000004,0
money aid allocation,0.3269230769230769,0.19540229885057472,1.0,0.30000000000000004,0
government critique,0.20512820512820512,0.19047619047619047,0.2222222222222222,0.35000000000000003,0
societal critique,0.25,0.14285714285714285,1.0,0.30000000000000004,0
solutions/interventions,0.49056603773584906,0.35135135135135137,0.8125,0.45,0
personal interaction,0.1951219512195122,0.11267605633802817,0.7272727272727273,0.25,0
media portrayal,0.1891891891891892,0.1044776119402985,1.0,0.2,0
not in my backyard,0.36363636363636365,0.22784810126582278,0.9,0.35000000000000003,0
harmful generalization,0.2553191489361702,0.16216216216216217,0.6,0.35000000000000003,0
deserving/undeserving,0.19047619047619047,0.2857142857142857,0.14285714285714285,0.35000000000000003,0
racist,0.0,0.0,0.0,0.2,0
