{
  "source": "reddit",
  "model": "modernbert-base-final",
  "use_smote": true,
  "macro_f1": 0.4077893940353905,
  "micro_f1": 0.5076628352490421,
  "subset_accuracy": 0.0,
  "hamming_loss": 0.3180693069306931,
  "macro_precision": 0.35163809427564763,
  "macro_recall": 0.673724300959555,
  "micro_precision": 0.3802008608321377,
  "micro_recall": 0.7636887608069164,
  "best_thresholds": [
    0.55,
    0.30000000000000004,
    0.4,
    0.30000000000000004,
    0.4,
    0.2,
    0.25,
    0.4,
    0.2,
    0.4,
    0.2,
    0.15000000000000002,
    0.35000000000000003,
    0.2,
    0.45,
    0.2
  ],
  "train_size": 1072,
  "val_size": 50,
  "test_size": 101,
  "num_labels": 16,
  "label_f1_scores": {
    "ask a genuine question": 0.43478260869565216,
    "ask a rhetorical question": 0.3,
    "provide a fact or claim": 0.7050359712230215,
    "provide an observation": 0.6031746031746031,
    "express their opinion": 0.9058823529411765,
    "express others opinions": 0.19672131147540983,
    "money aid allocation": 0.46153846153846156,
    "government critique": 0.5106382978723404,
    "societal critique": 0.1951219512195122,
    "solutions/interventions": 0.5747126436781609,
    "personal interaction": 0.2962962962962963,
    "media portrayal": 0.45161290322580644,
    "not in my backyard": 0.45161290322580644,
    "harmful generalization": 0.3125,
    "deserving/undeserving": 0.125,
    "racist": 0.0
  },
  "label_precision_scores": {
    "ask a genuine question": 0.45454545454545453,
    "ask a rhetorical question": 0.1836734693877551,
    "provide a fact or claim": 0.6125,
    "provide an observation": 0.59375,
    "express their opinion": 0.875,
    "express others opinions": 0.11538461538461539,
    "money aid allocation": 0.3125,
    "government critique": 0.41379310344827586,
    "societal critique": 0.11428571428571428,
    "solutions/interventions": 0.45454545454545453,
    "personal interaction": 0.18604651162790697,
    "media portrayal": 0.2916666666666667,
    "not in my backyard": 0.3333333333333333,
    "harmful generalization": 0.18518518518518517,
    "deserving/undeserving": 0.5,
    "racist": 0.0
  },
  "label_recall_scores": {
    "ask a genuine question": 0.4166666666666667,
    "ask a rhetorical question": 0.8181818181818182,
    "provide a fact or claim": 0.8305084745762712,
    "provide an observation": 0.6129032258064516,
    "express their opinion": 0.9390243902439024,
    "express others opinions": 0.6666666666666666,
    "money aid allocation": 0.8823529411764706,
    "government critique": 0.6666666666666666,
    "societal critique": 0.6666666666666666,
    "solutions/interventions": 0.78125,
    "personal interaction": 0.7272727272727273,
    "media portrayal": 1.0,
    "not in my backyard": 0.7,
    "harmful generalization": 1.0,
    "deserving/undeserving": 0.07142857142857142,
    "racist": 0.0
  },
  "label_accuracy_scores": {
    "ask a genuine question": 0.8712871287128713,
    "ask a rhetorical question": 0.5841584158415841,
    "provide a fact or claim": 0.594059405940594,
    "provide an observation": 0.7524752475247525,
    "express their opinion": 0.8415841584158416,
    "express others opinions": 0.5148514851485149,
    "money aid allocation": 0.6534653465346535,
    "government critique": 0.7722772277227723,
    "societal critique": 0.3465346534653465,
    "solutions/interventions": 0.6336633663366337,
    "personal interaction": 0.6237623762376238,
    "media portrayal": 0.8316831683168316,
    "not in my backyard": 0.6633663366336634,
    "harmful generalization": 0.5643564356435643,
    "deserving/undeserving": 0.8613861386138614,
    "racist": 0.801980198019802
  },
  "label_support_pos": {
    "ask a genuine question": 12,
    "ask a rhetorical question": 11,
    "provide a fact or claim": 59,
    "provide an observation": 31,
    "express their opinion": 82,
    "express others opinions": 9,
    "money aid allocation": 17,
    "government critique": 18,
    "societal critique": 12,
    "solutions/interventions": 32,
    "personal interaction": 11,
    "media portrayal": 7,
    "not in my backyard": 20,
    "harmful generalization": 10,
    "deserving/undeserving": 14,
    "racist": 2
  },
  "label_support_neg": {
    "ask a genuine question": 89,
    "ask a rhetorical question": 90,
    "provide a fact or claim": 42,
    "provide an observation": 70,
    "express their opinion": 19,
    "express others opinions": 92,
    "money aid allocation": 84,
    "government critique": 83,
    "societal critique": 89,
    "solutions/interventions": 69,
    "personal interaction": 90,
    "media portrayal": 94,
    "not in my backyard": 81,
    "harmful generalization": 91,
    "deserving/undeserving": 87,
    "racist": 99
  },
  "label_roc_auc": {
    "ask a genuine question": 0.8717228464419475,
    "ask a rhetorical question": 0.8212121212121212,
    "provide a fact or claim": 0.6569814366424536,
    "provide an observation": 0.7304147465437788,
    "express their opinion": 0.7605905006418484,
    "express others opinions": 0.682367149758454,
    "money aid allocation": 0.7948179271708684,
    "government critique": 0.7985274431057563,
    "societal critique": 0.5468164794007491,
    "solutions/interventions": 0.7096920289855072,
    "personal interaction": 0.7333333333333333,
    "media portrayal": 0.9483282674772036,
    "not in my backyard": 0.7308641975308643,
    "harmful generalization": 0.7846153846153846,
    "deserving/undeserving": 0.5689655172413793,
    "racist": 0.2828282828282828
  },
  "label_average_precision": {
    "ask a genuine question": 0.5921633168840617,
    "ask a rhetorical question": 0.46795572558883414,
    "provide a fact or claim": 0.7326519218651886,
    "provide an observation": 0.6495114594544851,
    "express their opinion": 0.9282025506200962,
    "express others opinions": 0.3249720285978579,
    "money aid allocation": 0.38308504496803325,
    "government critique": 0.4211977935289792,
    "societal critique": 0.16251010959764864,
    "solutions/interventions": 0.5282219924160898,
    "personal interaction": 0.3425783536461384,
    "media portrayal": 0.4478868470465109,
    "not in my backyard": 0.5227966016144666,
    "harmful generalization": 0.38207460673498406,
    "deserving/undeserving": 0.2331149885160422,
    "racist": 0.020135566188197767
  },
  "synthetic_counts_per_category": {
    "ask a genuine question": 24,
    "ask a rhetorical question": 32,
    "provide a fact or claim": 0,
    "provide an observation": 30,
    "express their opinion": 0,
    "express others opinions": 70,
    "money aid allocation": 59,
    "government critique": 60,
    "societal critique": 44,
    "solutions/interventions": 0,
    "personal interaction": 67,
    "media portrayal": 89,
    "not in my backyard": 27,
    "harmful generalization": 57,
    "deserving/undeserving": 68,
    "racist": 96
  },
  "total_synthetic_samples": 723
}