category,f1_score,precision,recall,threshold,synthetic_added
ask a genuine question,0.21238938053097345,0.1188118811881188,1.0,0.35000000000000003,0
ask a rhetorical question,0.25,0.4,0.18181818181818182,0.4,0
provide a fact or claim,0.7421383647798742,0.59,1.0,0.5,0
provide an observation,0.4732824427480916,0.31,1.0,0.35000000000000003,0
express their opinion,0.8850574712643678,0.8369565217391305,0.9390243902439024,0.6000000000000001,0
express others opinions,0.20689655172413793,0.12244897959183673,0.6666666666666666,0.30000000000000004,0
money aid allocation,0.2956521739130435,0.17346938775510204,1.0,0.30000000000000004,0
government critique,0.0,0.0,0.0,0.5,0
societal critique,0.22727272727272727,0.13157894736842105,0.8333333333333334,0.35000000000000003,0
solutions/interventions,0.0,0.0,0.0,0.45,0
personal interaction,0.2222222222222222,0.125,1.0,0.30000000000000004,0
media portrayal,0.12962962962962962,0.06930693069306931,1.0,0.25,0
not in my backyard,0.08695652173913043,0.3333333333333333,0.05,0.4,0
harmful generalization,0.18518518518518517,0.10204081632653061,1.0,0.30000000000000004,0
deserving/undeserving,0.38235294117647056,0.24074074074074073,0.9285714285714286,0.30000000000000004,0
racist,0.05555555555555555,0.029411764705882353,0.5,0.25,0
