{
  "source": "reddit",
  "model": "roberta-base-final",
  "use_smote": false,
  "macro_f1": 0.2721619479838381,
  "micro_f1": 0.38130563798219586,
  "subset_accuracy": 0.0,
  "hamming_loss": 0.5160891089108911,
  "macro_precision": 0.22394370646513534,
  "macro_recall": 0.6937133750395945,
  "micro_precision": 0.25674325674325676,
  "micro_recall": 0.7406340057636888,
  "best_thresholds": [
    0.35000000000000003,
    0.4,
    0.5,
    0.35000000000000003,
    0.6000000000000001,
    0.30000000000000004,
    0.30000000000000004,
    0.5,
    0.35000000000000003,
    0.45,
    0.30000000000000004,
    0.25,
    0.4,
    0.30000000000000004,
    0.30000000000000004,
    0.25
  ],
  "train_size": 349,
  "val_size": 50,
  "test_size": 101,
  "num_labels": 16,
  "label_f1_scores": {
    "ask a genuine question": 0.21238938053097345,
    "ask a rhetorical question": 0.25,
    "provide a fact or claim": 0.7421383647798742,
    "provide an observation": 0.4732824427480916,
    "express their opinion": 0.8850574712643678,
    "express others opinions": 0.20689655172413793,
    "money aid allocation": 0.2956521739130435,
    "government critique": 0.0,
    "societal critique": 0.22727272727272727,
    "solutions/interventions": 0.0,
    "personal interaction": 0.2222222222222222,
    "media portrayal": 0.12962962962962962,
    "not in my backyard": 0.08695652173913043,
    "harmful generalization": 0.18518518518518517,
    "deserving/undeserving": 0.38235294117647056,
    "racist": 0.05555555555555555
  },
  "label_precision_scores": {
    "ask a genuine question": 0.1188118811881188,
    "ask a rhetorical question": 0.4,
    "provide a fact or claim": 0.59,
    "provide an observation": 0.31,
    "express their opinion": 0.8369565217391305,
    "express others opinions": 0.12244897959183673,
    "money aid allocation": 0.17346938775510204,
    "government critique": 0.0,
    "societal critique": 0.13157894736842105,
    "solutions/interventions": 0.0,
    "personal interaction": 0.125,
    "media portrayal": 0.06930693069306931,
    "not in my backyard": 0.3333333333333333,
    "harmful generalization": 0.10204081632653061,
    "deserving/undeserving": 0.24074074074074073,
    "racist": 0.029411764705882353
  },
  "label_recall_scores": {
    "ask a genuine question": 1.0,
    "ask a rhetorical question": 0.18181818181818182,
    "provide a fact or claim": 1.0,
    "provide an observation": 1.0,
    "express their opinion": 0.9390243902439024,
    "express others opinions": 0.6666666666666666,
    "money aid allocation": 1.0,
    "government critique": 0.0,
    "societal critique": 0.8333333333333334,
    "solutions/interventions": 0.0,
    "personal interaction": 1.0,
    "media portrayal": 1.0,
    "not in my backyard": 0.05,
    "harmful generalization": 1.0,
    "deserving/undeserving": 0.9285714285714286,
    "racist": 0.5
  },
  "label_accuracy_scores": {
    "ask a genuine question": 0.1188118811881188,
    "ask a rhetorical question": 0.8811881188118812,
    "provide a fact or claim": 0.594059405940594,
    "provide an observation": 0.31683168316831684,
    "express their opinion": 0.801980198019802,
    "express others opinions": 0.5445544554455446,
    "money aid allocation": 0.19801980198019803,
    "government critique": 0.8217821782178217,
    "societal critique": 0.32673267326732675,
    "solutions/interventions": 0.6633663366336634,
    "personal interaction": 0.2376237623762376,
    "media portrayal": 0.06930693069306931,
    "not in my backyard": 0.7920792079207921,
    "harmful generalization": 0.12871287128712872,
    "deserving/undeserving": 0.5841584158415841,
    "racist": 0.6633663366336634
  },
  "label_support_pos": {
    "ask a genuine question": 12,
    "ask a rhetorical question": 11,
    "provide a fact or claim": 59,
    "provide an observation": 31,
    "express their opinion": 82,
    "express others opinions": 9,
    "money aid allocation": 17,
    "government critique": 18,
    "societal critique": 12,
    "solutions/interventions": 32,
    "personal interaction": 11,
    "media portrayal": 7,
    "not in my backyard": 20,
    "harmful generalization": 10,
    "deserving/undeserving": 14,
    "racist": 2
  },
  "label_support_neg": {
    "ask a genuine question": 89,
    "ask a rhetorical question": 90,
    "provide a fact or claim": 42,
    "provide an observation": 70,
    "express their opinion": 19,
    "express others opinions": 92,
    "money aid allocation": 84,
    "government critique": 83,
    "societal critique": 89,
    "solutions/interventions": 69,
    "personal interaction": 90,
    "media portrayal": 94,
    "not in my backyard": 81,
    "harmful generalization": 91,
    "deserving/undeserving": 87,
    "racist": 99
  },
  "label_roc_auc": {
    "ask a genuine question": 0.45131086142322097,
    "ask a rhetorical question": 0.7292929292929293,
    "provide a fact or claim": 0.6154156577885391,
    "provide an observation": 0.6460829493087558,
    "express their opinion": 0.6887034659820281,
    "express others opinions": 0.5978260869565217,
    "money aid allocation": 0.49719887955182074,
    "government critique": 0.5870147255689424,
    "societal critique": 0.5786516853932584,
    "solutions/interventions": 0.5946557971014493,
    "personal interaction": 0.6555555555555556,
    "media portrayal": 0.18693009118541032,
    "not in my backyard": 0.578395061728395,
    "harmful generalization": 0.5593406593406594,
    "deserving/undeserving": 0.7717569786535304,
    "racist": 0.5
  },
  "label_average_precision": {
    "ask a genuine question": 0.1160860049629879,
    "ask a rhetorical question": 0.35428508417710647,
    "provide a fact or claim": 0.6669118791245822,
    "provide an observation": 0.43186153531813465,
    "express their opinion": 0.8977422441144012,
    "express others opinions": 0.1196639122815546,
    "money aid allocation": 0.17082090627613067,
    "government critique": 0.2683604104728003,
    "societal critique": 0.143844067211398,
    "solutions/interventions": 0.36655322983211563,
    "personal interaction": 0.20276335436519488,
    "media portrayal": 0.046574572893339536,
    "not in my backyard": 0.2922687928077032,
    "harmful generalization": 0.11396334011134769,
    "deserving/undeserving": 0.33477139721536164,
    "racist": 0.05644355644355645
  },
  "synthetic_counts_per_category": null,
  "total_synthetic_samples": null
}