{
  "source": "reddit",
  "model": "roberta-base-final",
  "use_smote": true,
  "macro_f1": 0.467431631698219,
  "micro_f1": 0.521823472356935,
  "subset_accuracy": 0.0,
  "hamming_loss": 0.30507425742574257,
  "macro_precision": 0.4079914190058707,
  "macro_recall": 0.6596090781201852,
  "micro_precision": 0.3932748538011696,
  "micro_recall": 0.7752161383285303,
  "best_thresholds": [
    0.45,
    0.45,
    0.4,
    0.4,
    0.45,
    0.30000000000000004,
    0.45,
    0.45,
    0.4,
    0.4,
    0.4,
    0.25,
    0.4,
    0.25,
    0.35000000000000003,
    0.2
  ],
  "train_size": 1072,
  "val_size": 50,
  "test_size": 101,
  "num_labels": 16,
  "label_f1_scores": {
    "ask a genuine question": 0.7333333333333333,
    "ask a rhetorical question": 0.5,
    "provide a fact or claim": 0.7567567567567568,
    "provide an observation": 0.6774193548387096,
    "express their opinion": 0.9050279329608939,
    "express others opinions": 0.32653061224489793,
    "money aid allocation": 0.5625,
    "government critique": 0.48484848484848486,
    "societal critique": 0.3111111111111111,
    "solutions/interventions": 0.5783132530120482,
    "personal interaction": 0.46153846153846156,
    "media portrayal": 0.15384615384615385,
    "not in my backyard": 0.4090909090909091,
    "harmful generalization": 0.20833333333333334,
    "deserving/undeserving": 0.41025641025641024,
    "racist": 0.0
  },
  "label_precision_scores": {
    "ask a genuine question": 0.6111111111111112,
    "ask a rhetorical question": 0.46153846153846156,
    "provide a fact or claim": 0.6292134831460674,
    "provide an observation": 0.6774193548387096,
    "express their opinion": 0.8350515463917526,
    "express others opinions": 0.2,
    "money aid allocation": 0.6,
    "government critique": 0.5333333333333333,
    "societal critique": 0.21212121212121213,
    "solutions/interventions": 0.47058823529411764,
    "personal interaction": 0.4,
    "media portrayal": 0.08620689655172414,
    "not in my backyard": 0.375,
    "harmful generalization": 0.11627906976744186,
    "deserving/undeserving": 0.32,
    "racist": 0.0
  },
  "label_recall_scores": {
    "ask a genuine question": 0.9166666666666666,
    "ask a rhetorical question": 0.5454545454545454,
    "provide a fact or claim": 0.9491525423728814,
    "provide an observation": 0.6774193548387096,
    "express their opinion": 0.9878048780487805,
    "express others opinions": 0.8888888888888888,
    "money aid allocation": 0.5294117647058824,
    "government critique": 0.4444444444444444,
    "societal critique": 0.5833333333333334,
    "solutions/interventions": 0.75,
    "personal interaction": 0.5454545454545454,
    "media portrayal": 0.7142857142857143,
    "not in my backyard": 0.45,
    "harmful generalization": 1.0,
    "deserving/undeserving": 0.5714285714285714,
    "racist": 0.0
  },
  "label_accuracy_scores": {
    "ask a genuine question": 0.9207920792079208,
    "ask a rhetorical question": 0.8811881188118812,
    "provide a fact or claim": 0.6435643564356436,
    "provide an observation": 0.801980198019802,
    "express their opinion": 0.8316831683168316,
    "express others opinions": 0.6732673267326733,
    "money aid allocation": 0.8613861386138614,
    "government critique": 0.8316831683168316,
    "societal critique": 0.693069306930693,
    "solutions/interventions": 0.6534653465346535,
    "personal interaction": 0.8613861386138614,
    "media portrayal": 0.45544554455445546,
    "not in my backyard": 0.7425742574257426,
    "harmful generalization": 0.24752475247524752,
    "deserving/undeserving": 0.7722772277227723,
    "racist": 0.24752475247524752
  },
  "label_support_pos": {
    "ask a genuine question": 12,
    "ask a rhetorical question": 11,
    "provide a fact or claim": 59,
    "provide an observation": 31,
    "express their opinion": 82,
    "express others opinions": 9,
    "money aid allocation": 17,
    "government critique": 18,
    "societal critique": 12,
    "solutions/interventions": 32,
    "personal interaction": 11,
    "media portrayal": 7,
    "not in my backyard": 20,
    "harmful generalization": 10,
    "deserving/undeserving": 14,
    "racist": 2
  },
  "label_support_neg": {
    "ask a genuine question": 89,
    "ask a rhetorical question": 90,
    "provide a fact or claim": 42,
    "provide an observation": 70,
    "express their opinion": 19,
    "express others opinions": 92,
    "money aid allocation": 84,
    "government critique": 83,
    "societal critique": 89,
    "solutions/interventions": 69,
    "personal interaction": 90,
    "media portrayal": 94,
    "not in my backyard": 81,
    "harmful generalization": 91,
    "deserving/undeserving": 87,
    "racist": 99
  },
  "label_roc_auc": {
    "ask a genuine question": 0.9681647940074907,
    "ask a rhetorical question": 0.9474747474747476,
    "provide a fact or claim": 0.7873284907183212,
    "provide an observation": 0.8737327188940093,
    "express their opinion": 0.7901155327342747,
    "express others opinions": 0.7789855072463768,
    "money aid allocation": 0.8697478991596639,
    "government critique": 0.8460508701472558,
    "societal critique": 0.6048689138576779,
    "solutions/interventions": 0.7223731884057971,
    "personal interaction": 0.8222222222222222,
    "media portrayal": 0.6595744680851063,
    "not in my backyard": 0.7358024691358025,
    "harmful generalization": 0.8373626373626374,
    "deserving/undeserving": 0.8316912972085385,
    "racist": 0.1515151515151515
  },
  "label_average_precision": {
    "ask a genuine question": 0.8081326682719873,
    "ask a rhetorical question": 0.6025546821599452,
    "provide a fact or claim": 0.8521863455318088,
    "provide an observation": 0.8044474887570432,
    "express their opinion": 0.939834837713083,
    "express others opinions": 0.36926867806780017,
    "money aid allocation": 0.5030893108418355,
    "government critique": 0.5297872864334614,
    "societal critique": 0.1659262674433302,
    "solutions/interventions": 0.5155068248692855,
    "personal interaction": 0.4727604105306942,
    "media portrayal": 0.2283250134235356,
    "not in my backyard": 0.48823266601966125,
    "harmful generalization": 0.44130016075256007,
    "deserving/undeserving": 0.5250481793100902,
    "racist": 0.01733351603178953
  },
  "synthetic_counts_per_category": {
    "ask a genuine question": 24,
    "ask a rhetorical question": 32,
    "provide a fact or claim": 0,
    "provide an observation": 30,
    "express their opinion": 0,
    "express others opinions": 70,
    "money aid allocation": 59,
    "government critique": 60,
    "societal critique": 44,
    "solutions/interventions": 0,
    "personal interaction": 67,
    "media portrayal": 89,
    "not in my backyard": 27,
    "harmful generalization": 57,
    "deserving/undeserving": 68,
    "racist": 96
  },
  "total_synthetic_samples": 723
}