category,f1_score,precision,recall,threshold,synthetic_added
ask a genuine question,0.7333333333333333,0.6111111111111112,0.9166666666666666,0.45,24
ask a rhetorical question,0.5,0.46153846153846156,0.5454545454545454,0.45,32
provide a fact or claim,0.7567567567567568,0.6292134831460674,0.9491525423728814,0.4,0
provide an observation,0.6774193548387096,0.6774193548387096,0.6774193548387096,0.4,30
express their opinion,0.9050279329608939,0.8350515463917526,0.9878048780487805,0.45,0
express others opinions,0.32653061224489793,0.2,0.8888888888888888,0.30000000000000004,70
money aid allocation,0.5625,0.6,0.5294117647058824,0.45,59
government critique,0.48484848484848486,0.5333333333333333,0.4444444444444444,0.45,60
societal critique,0.3111111111111111,0.21212121212121213,0.5833333333333334,0.4,44
solutions/interventions,0.5783132530120482,0.47058823529411764,0.75,0.4,0
personal interaction,0.46153846153846156,0.4,0.5454545454545454,0.4,67
media portrayal,0.15384615384615385,0.08620689655172414,0.7142857142857143,0.25,89
not in my backyard,0.4090909090909091,0.375,0.45,0.4,27
harmful generalization,0.20833333333333334,0.11627906976744186,1.0,0.25,57
deserving/undeserving,0.41025641025641024,0.32,0.5714285714285714,0.35000000000000003,68
racist,0.0,0.0,0.0,0.2,96
