County,RFI,Population,RPP,RPA,Homelessness,GINI
"Erie County, New York",0.471786182,951232,1341.6600787189666,134.31003162214895,59.50178295095203,0.4633
"Baltimore County, Maryland",0.632878356,850737,997.3234971559954,99.45494318455644,6.641300425395863,0.4559
"El Paso County, Texas",0.68697089,863832,1919.1000101871662,99.07018957389863,10.569184748886357,0.4663
"Winnebago County, Illinois",0.569333598,284591,1583.2194271779501,133.63036779097018,28.743003116753517,0.4517
"Lackawanna County, Pennsylvania",0.38,215672,1252.0,238.1857635668979,8.4,0.456
"Washington County, Arkansas",0.600211809,247331,1465.9707032276583,80.41854842296355,32.14316038021922,0.483
