frozen_percentage,macro_f1,micro_f1,best_threshold,test_size,total_params,trainable_params,frozen_params,trainable_percentage,layers_frozen,total_layers
0.0,0.2735650229473268,0.3828623518687329,0.3,75,109494544,109494544,0,100.0,0,12
25.0,0.2611522276063406,0.36906854130052724,0.3,75,109494544,88230928,21263616,80.58020498263366,3,12
50.0,0.25981240702591657,0.38058991436726924,0.3,75,109494544,66967312,42527232,61.16040996526731,6,12
75.0,0.25937462974833575,0.3554817275747508,0.3,75,109494544,45703696,63790848,41.740614947900966,9,12
90.0,0.24583310152901783,0.36528028933092227,0.3,75,109494544,38615824,70878720,35.26734994211218,10,12
99.0,0.28163776644479943,0.3553784860557769,0.3,75,109494544,31527952,77966592,28.7940849363234,11,12
