category,f1_score,precision,recall,threshold
ask a genuine question,0.8758169934640523,0.8375,0.9178082191780822,0.45
ask a rhetorical question,0.7485380116959064,0.64,0.9014084507042254,0.4
provide a fact or claim,0.7797356828193832,0.6436363636363637,0.9888268156424581,0.4
provide an observation,0.7261904761904762,0.6931818181818182,0.7625,0.45
express their opinion,0.9252669039145908,0.8609271523178808,1.0,0.45
express others opinions,0.5252525252525253,0.48148148148148145,0.5777777777777777,0.4
money aid allocation,0.6846846846846847,0.59375,0.8085106382978723,0.4
government critique,0.578125,0.4625,0.7708333333333334,0.4
societal critique,0.5384615384615384,0.47191011235955055,0.6268656716417911,0.4
solutions/interventions,0.8047808764940239,0.7481481481481481,0.8706896551724138,0.45
personal interaction,0.5384615384615384,0.6666666666666666,0.45161290322580644,0.5
media portrayal,0.5490196078431373,0.45901639344262296,0.6829268292682927,0.35000000000000003
not in my backyard,0.5691056910569106,0.7,0.4794520547945205,0.45
harmful generalization,0.6046511627906976,0.5492957746478874,0.6724137931034483,0.4
deserving/undeserving,0.6422018348623854,0.7142857142857143,0.5833333333333334,0.4
racist,0.6666666666666666,1.0,0.5,0.45
