{
  "source": "reddit",
  "model": "bert-base-uncased-final",
  "macro_f1": 0.5344497500558045,
  "micro_f1": 0.6247922897972749,
  "best_thresholds": [
    0.4,
    0.4,
    0.45,
    0.4,
    0.6000000000000001,
    0.4,
    0.4,
    0.35000000000000003,
    0.45,
    0.45,
    0.35000000000000003,
    0.35000000000000003,
    0.5,
    0.45,
    0.35000000000000003,
    0.35000000000000003
  ],
  "test_size": 311,
  "num_labels": 16,
  "label_f1_scores": {
    "ask a genuine question": 0.68,
    "ask a rhetorical question": 0.5783132530120482,
    "provide a fact or claim": 0.7441860465116279,
    "provide an observation": 0.6074766355140186,
    "express their opinion": 0.9233511586452763,
    "express others opinions": 0.38235294117647056,
    "money aid allocation": 0.325,
    "government critique": 0.49056603773584906,
    "societal critique": 0.4857142857142857,
    "solutions/interventions": 0.6359832635983264,
    "personal interaction": 0.4444444444444444,
    "media portrayal": 0.4827586206896552,
    "not in my backyard": 0.40384615384615385,
    "harmful generalization": 0.36363636363636365,
    "deserving/undeserving": 0.42023346303501946,
    "racist": 0.5833333333333334
  },
  "label_precision_scores": {
    "ask a genuine question": 0.6623376623376623,
    "ask a rhetorical question": 0.5052631578947369,
    "provide a fact or claim": 0.5986394557823129,
    "provide an observation": 0.48507462686567165,
    "express their opinion": 0.8604651162790697,
    "express others opinions": 0.2857142857142857,
    "money aid allocation": 0.3939393939393939,
    "government critique": 0.35135135135135137,
    "societal critique": 0.4657534246575342,
    "solutions/interventions": 0.6178861788617886,
    "personal interaction": 0.3235294117647059,
    "media portrayal": 0.8235294117647058,
    "not in my backyard": 0.6774193548387096,
    "harmful generalization": 0.7368421052631579,
    "deserving/undeserving": 0.27411167512690354,
    "racist": 0.4827586206896552
  },
  "label_recall_scores": {
    "ask a genuine question": 0.6986301369863014,
    "ask a rhetorical question": 0.676056338028169,
    "provide a fact or claim": 0.9832402234636871,
    "provide an observation": 0.8125,
    "express their opinion": 0.9961538461538462,
    "express others opinions": 0.5777777777777777,
    "money aid allocation": 0.2765957446808511,
    "government critique": 0.8125,
    "societal critique": 0.5074626865671642,
    "solutions/interventions": 0.6551724137931034,
    "personal interaction": 0.7096774193548387,
    "media portrayal": 0.34146341463414637,
    "not in my backyard": 0.2876712328767123,
    "harmful generalization": 0.2413793103448276,
    "deserving/undeserving": 0.9,
    "racist": 0.7368421052631579
  }
}