category,f1_score,precision,recall,threshold
ask a genuine question,0.68,0.6623376623376623,0.6986301369863014,0.4
ask a rhetorical question,0.5783132530120482,0.5052631578947369,0.676056338028169,0.4
provide a fact or claim,0.7441860465116279,0.5986394557823129,0.9832402234636871,0.45
provide an observation,0.6074766355140186,0.48507462686567165,0.8125,0.4
express their opinion,0.9233511586452763,0.8604651162790697,0.9961538461538462,0.6000000000000001
express others opinions,0.38235294117647056,0.2857142857142857,0.5777777777777777,0.4
money aid allocation,0.325,0.3939393939393939,0.2765957446808511,0.4
government critique,0.49056603773584906,0.35135135135135137,0.8125,0.35000000000000003
societal critique,0.4857142857142857,0.4657534246575342,0.5074626865671642,0.45
solutions/interventions,0.6359832635983264,0.6178861788617886,0.6551724137931034,0.45
personal interaction,0.4444444444444444,0.3235294117647059,0.7096774193548387,0.35000000000000003
media portrayal,0.4827586206896552,0.8235294117647058,0.34146341463414637,0.35000000000000003
not in my backyard,0.40384615384615385,0.6774193548387096,0.2876712328767123,0.5
harmful generalization,0.36363636363636365,0.7368421052631579,0.2413793103448276,0.45
deserving/undeserving,0.42023346303501946,0.27411167512690354,0.9,0.35000000000000003
racist,0.5833333333333334,0.4827586206896552,0.7368421052631579,0.35000000000000003
