{
  "source": "reddit",
  "model": "roberta-base-final",
  "macro_f1": 0.6723099496661573,
  "micro_f1": 0.7384070796460177,
  "best_thresholds": [
    0.45,
    0.4,
    0.4,
    0.45,
    0.45,
    0.4,
    0.4,
    0.4,
    0.4,
    0.45,
    0.5,
    0.35000000000000003,
    0.45,
    0.4,
    0.4,
    0.45
  ],
  "test_size": 311,
  "num_labels": 16,
  "label_f1_scores": {
    "ask a genuine question": 0.8758169934640523,
    "ask a rhetorical question": 0.7485380116959064,
    "provide a fact or claim": 0.7797356828193832,
    "provide an observation": 0.7261904761904762,
    "express their opinion": 0.9252669039145908,
    "express others opinions": 0.5252525252525253,
    "money aid allocation": 0.6846846846846847,
    "government critique": 0.578125,
    "societal critique": 0.5384615384615384,
    "solutions/interventions": 0.8047808764940239,
    "personal interaction": 0.5384615384615384,
    "media portrayal": 0.5490196078431373,
    "not in my backyard": 0.5691056910569106,
    "harmful generalization": 0.6046511627906976,
    "deserving/undeserving": 0.6422018348623854,
    "racist": 0.6666666666666666
  },
  "label_precision_scores": {
    "ask a genuine question": 0.8375,
    "ask a rhetorical question": 0.64,
    "provide a fact or claim": 0.6436363636363637,
    "provide an observation": 0.6931818181818182,
    "express their opinion": 0.8609271523178808,
    "express others opinions": 0.48148148148148145,
    "money aid allocation": 0.59375,
    "government critique": 0.4625,
    "societal critique": 0.47191011235955055,
    "solutions/interventions": 0.7481481481481481,
    "personal interaction": 0.6666666666666666,
    "media portrayal": 0.45901639344262296,
    "not in my backyard": 0.7,
    "harmful generalization": 0.5492957746478874,
    "deserving/undeserving": 0.7142857142857143,
    "racist": 1.0
  },
  "label_recall_scores": {
    "ask a genuine question": 0.9178082191780822,
    "ask a rhetorical question": 0.9014084507042254,
    "provide a fact or claim": 0.9888268156424581,
    "provide an observation": 0.7625,
    "express their opinion": 1.0,
    "express others opinions": 0.5777777777777777,
    "money aid allocation": 0.8085106382978723,
    "government critique": 0.7708333333333334,
    "societal critique": 0.6268656716417911,
    "solutions/interventions": 0.8706896551724138,
    "personal interaction": 0.45161290322580644,
    "media portrayal": 0.6829268292682927,
    "not in my backyard": 0.4794520547945205,
    "harmful generalization": 0.6724137931034483,
    "deserving/undeserving": 0.5833333333333334,
    "racist": 0.5
  }
}