source,Comment_ask a rhetorical question,Perception_not in my backyard,Perception_harmful generalization,Perception_deserving/undeserving,Racist_Flag
twitter,0.11467771162309086,0.07377685736474243,0.39943049443437745,0.18275951333160756,0.001553196997152472
reddit,0.10967449245775207,0.09651809005330611,0.2898945219462402,0.33985482590450267,0.0016445503005557446
news,0.04488398630658045,0.04906808672499049,0.08292126283758083,0.06808672499049068,0.0003803727653100038
meeting_minutes,0.026917605864974287,0.05142794616478827,0.04026698763540869,0.11346974504869242,0.000437684648210964
