year,source,avg_bias,std_bias,count
2015,meeting_minutes,0.2182642487046632,0.4839919257362865,1544
2015,news,0.07142857142857142,0.25886349545339626,98
2015,reddit,0.7818181818181819,0.9269212061123737,495
2016,meeting_minutes,0.24808743169398906,0.5076604568276162,1830
2016,news,0.18518518518518517,0.5134492085075663,162
2016,reddit,0.9056994818652849,0.9887429951332359,965
2017,meeting_minutes,0.25681341719077566,0.5143080935566343,954
2017,news,0.19889502762430938,0.4878511783863147,181
2017,reddit,0.8288934426229508,0.9206604123061479,976
2018,meeting_minutes,0.22753988245172124,0.46502615075611053,1191
2018,news,0.2222222222222222,0.5272298845305369,288
2018,reddit,0.9043062200956937,0.9400615598007559,1672
2019,meeting_minutes,0.23582995951417005,0.4848793909229823,988
2019,news,0.348993288590604,0.695596292381585,298
2019,reddit,0.8529411764705882,0.9157160613197066,1224
2020,meeting_minutes,0.21395348837209302,0.4588327113873695,430
2020,news,0.2543640897755611,0.5702079946012962,401
2020,reddit,0.766052762568442,0.9048466221218511,2009
2021,meeting_minutes,0.2757201646090535,0.5549430354624134,243
2021,news,0.2979214780600462,0.6320310612134117,433
2021,reddit,0.8808193668528864,0.9481284199806546,4296
2022,meeting_minutes,0.25757575757575757,0.5031052627424696,198
2022,news,0.291196388261851,0.6154784511157408,443
2022,reddit,0.8582001184132623,0.928706247618502,6756
2023,meeting_minutes,0.3442622950819672,0.5868075075840095,610
2023,news,0.18032786885245902,0.5398879631835557,183
2023,reddit,0.8494004232306607,0.9370599538464457,8506
2024,meeting_minutes,0.2669902912621359,0.5263657883824645,618
2024,news,0.10679611650485436,0.3938901349566187,103
2024,reddit,0.8398872806455745,0.9315449288667897,7807
2024,twitter,0.7780386019822639,0.8613979819150387,3834
2025,reddit,0.7333333333333333,1.0327955589886444,15
