source,large_mean,small_mean,large_count,small_count,p_value,significant,t_statistic
twitter,0.798993570030752,0.48638132295719844,3577,257,2.424366191699489e-09,True,6.151583077219123
reddit,0.8528745617573144,0.8236947791164658,32231,2490,0.12627033706206556,False,1.529415504380609
news,0.26331615120274915,0.12213740458015267,2328,262,2.858479677186833e-06,True,4.752816098185573
meeting_minutes,0.23672208327203179,0.28524046434494194,6797,1809,0.0005507639525575431,True,-3.458969323084626
