source,large_mean,small_mean,large_std,small_std,large_count,small_count,p_value,significant,t_statistic
twitter,0.798993570030752,0.48638132295719844,0.8631915534552032,0.7811308274865392,3577,257,1.8012359286821646e-08,True,5.6421146306590275
reddit,0.8528745617573144,0.8236947791164658,0.9357970609959723,0.9158227015003606,32231,2490,0.13325865549076477,False,1.5014099519487045
news,0.26331615120274915,0.12213740458015267,0.590567308745845,0.43808886173862593,2328,262,0.00017739729547462725,True,3.7546633626382047
meeting_minutes,0.23672208327203179,0.28524046434494194,0.4924554649250677,0.5397967089060491,6797,1809,0.0002662320064169223,True,-3.6476326872766167
