year,source,mean_bias,sem,count
2015,meeting_minutes,0.2182642487046632,0.012317270200533578,1544
2015,news,0.07142857142857142,0.026149161862392786,98
2015,reddit,0.7818181818181819,0.04166200997834831,495
2016,meeting_minutes,0.24808743169398906,0.011867187149198892,1830
2016,news,0.18518518518518517,0.04034037968117397,162
2016,reddit,0.9056994818652849,0.0318287631906043,965
2017,meeting_minutes,0.25681341719077566,0.01665133933891586,954
2017,news,0.19889502762430938,0.03626169251343299,181
2017,reddit,0.8288934426229508,0.029469621667353185,976
2018,meeting_minutes,0.22753988245172124,0.013474774170574463,1191
2018,news,0.2222222222222222,0.031067318882978572,288
2018,reddit,0.9043062200956937,0.02298995693223086,1672
2019,meeting_minutes,0.23582995951417005,0.015426068416263464,988
2019,news,0.348993288590604,0.04029481131247643,298
2019,reddit,0.8529411764705882,0.026174001484766757,1224
2020,meeting_minutes,0.21395348837209302,0.022126878164354716,430
2020,news,0.2543640897755611,0.0284748284127445,401
2020,reddit,0.766052762568442,0.020187614415566768,2009
2021,meeting_minutes,0.2757201646090535,0.035599612323236926,243
2021,news,0.2979214780600462,0.030373474446851796,433
2021,reddit,0.8808193668528864,0.014465552583285827,4296
2022,meeting_minutes,0.25757575757575757,0.035754134139657376,198
2022,news,0.291196388261851,0.029242263694472165,443
2022,reddit,0.8582001184132623,0.011298831881638318,6756
2023,meeting_minutes,0.3442622950819672,0.023759141500640773,610
2023,news,0.18032786885245902,0.03990966663176236,183
2023,reddit,0.8494004232306607,0.010160256899144198,8506
2024,meeting_minutes,0.2669902912621359,0.021173537217101215,618
2024,news,0.10679611650485436,0.03881114823528411,103
2024,reddit,0.8398872806455745,0.010542939547013113,7807
2024,twitter,0.7780386019822639,0.01391162286422985,3834
2025,reddit,0.7333333333333333,0.26666666666666666,15
