category,f1,precision,recall
ask a genuine question,0.14814814814814814,0.08,1.0
ask a rhetorical question,0.2608695652173913,0.15,1.0
provide a fact or claim,0.7341772151898734,0.58,1.0
provide an observation,0.46153846153846156,0.3,1.0
express their opinion,0.9130434782608695,0.84,1.0
express others opinions,0.1981981981981982,0.11,1.0
money aid allocation,0.24561403508771928,0.14,1.0
government critique,0.3050847457627119,0.18,1.0
societal critique,0.2608695652173913,0.15,1.0
solutions/interventions,0.48484848484848486,0.32,1.0
personal interaction,0.18181818181818182,0.1,1.0
media portrayal,0.0392156862745098,0.02,1.0
not in my backyard,0.1308411214953271,0.07,1.0
harmful generalization,0.1981981981981982,0.11,1.0
deserving/undeserving,0.04081632653061224,0.020833333333333332,1.0
racist,0.0,0.0,0.0
