{
  "macro_f1": 0.2877050882366299,
  "micro_f1": 0.3314166231050706,
  "threshold": 0.3,
  "category_metrics": {
    "ask a genuine question": {
      "precision": 0.08,
      "recall": 1.0,
      "f1": 0.14814814814814814
    },
    "ask a rhetorical question": {
      "precision": 0.15,
      "recall": 1.0,
      "f1": 0.2608695652173913
    },
    "provide a fact or claim": {
      "precision": 0.58,
      "recall": 1.0,
      "f1": 0.7341772151898734
    },
    "provide an observation": {
      "precision": 0.3,
      "recall": 1.0,
      "f1": 0.46153846153846156
    },
    "express their opinion": {
      "precision": 0.84,
      "recall": 1.0,
      "f1": 0.9130434782608695
    },
    "express others opinions": {
      "precision": 0.11,
      "recall": 1.0,
      "f1": 0.1981981981981982
    },
    "money aid allocation": {
      "precision": 0.14,
      "recall": 1.0,
      "f1": 0.24561403508771928
    },
    "government critique": {
      "precision": 0.18,
      "recall": 1.0,
      "f1": 0.3050847457627119
    },
    "societal critique": {
      "precision": 0.15,
      "recall": 1.0,
      "f1": 0.2608695652173913
    },
    "solutions/interventions": {
      "precision": 0.32,
      "recall": 1.0,
      "f1": 0.48484848484848486
    },
    "personal interaction": {
      "precision": 0.1,
      "recall": 1.0,
      "f1": 0.18181818181818182
    },
    "media portrayal": {
      "precision": 0.02,
      "recall": 1.0,
      "f1": 0.0392156862745098
    },
    "not in my backyard": {
      "precision": 0.07,
      "recall": 1.0,
      "f1": 0.1308411214953271
    },
    "harmful generalization": {
      "precision": 0.11,
      "recall": 1.0,
      "f1": 0.1981981981981982
    },
    "deserving/undeserving": {
      "precision": 0.020833333333333332,
      "recall": 1.0,
      "f1": 0.04081632653061224
    },
    "racist": {
      "precision": 0.0,
      "recall": 0.0,
      "f1": 0.0
    }
  }
}