category,f1_score,threshold
ask a genuine question,0.24,0.05
ask a rhetorical question,0.2702702702702703,0.05
provide a fact or claim,0.7397260273972602,0.5000000000000001
provide an observation,0.49056603773584906,0.05
express their opinion,0.8950276243093923,0.05
express others opinions,0.26666666666666666,0.5000000000000001
money aid allocation,0.06060606060606061,0.05
government critique,0.3148148148148148,0.05
societal critique,0.2318840579710145,0.05
solutions/interventions,0.49206349206349204,0.05
personal interaction,0.2,0.5000000000000001
media portrayal,0.12698412698412698,0.05
not in my backyard,0.36363636363636365,0.05
harmful generalization,0.21739130434782608,0.05
deserving/undeserving,0.1553398058252427,0.05
racist,0.06976744186046512,0.05
