category,f1_score,threshold
ask a genuine question,0.19801980198019803,0.3500000000000001
ask a rhetorical question,0.3076923076923077,0.3500000000000001
provide a fact or claim,0.7402597402597403,0.5000000000000001
provide an observation,0.46875,0.3500000000000001
express their opinion,0.8074534161490683,0.6250000000000002
express others opinions,0.2641509433962264,0.32500000000000007
money aid allocation,0.24778761061946902,0.2750000000000001
government critique,0.32653061224489793,0.3000000000000001
societal critique,0.2631578947368421,0.2750000000000001
solutions/interventions,0.496,0.3750000000000001
personal interaction,0.13953488372093023,0.32500000000000007
media portrayal,0.21333333333333335,0.3000000000000001
not in my backyard,0.39285714285714285,0.3000000000000001
harmful generalization,0.20689655172413793,0.2750000000000001
deserving/undeserving,0.16091954022988506,0.32500000000000007
racist,0.02531645569620253,0.25000000000000006
