{
  "average": {
    "macro_f1": 0.32866626466502386,
    "micro_f1": 0.3779816513761468,
    "best_thresholds": [
      0.3500000000000001,
      0.3500000000000001,
      0.5000000000000001,
      0.3500000000000001,
      0.6250000000000002,
      0.32500000000000007,
      0.2750000000000001,
      0.3000000000000001,
      0.2750000000000001,
      0.3750000000000001,
      0.32500000000000007,
      0.3000000000000001,
      0.3000000000000001,
      0.2750000000000001,
      0.32500000000000007,
      0.25000000000000006
    ],
    "label_f1_scores": {
      "ask a genuine question": 0.19801980198019803,
      "ask a rhetorical question": 0.3076923076923077,
      "provide a fact or claim": 0.7402597402597403,
      "provide an observation": 0.46875,
      "express their opinion": 0.8074534161490683,
      "express others opinions": 0.2641509433962264,
      "money aid allocation": 0.24778761061946902,
      "government critique": 0.32653061224489793,
      "societal critique": 0.2631578947368421,
      "solutions/interventions": 0.496,
      "personal interaction": 0.13953488372093023,
      "media portrayal": 0.21333333333333335,
      "not in my backyard": 0.39285714285714285,
      "harmful generalization": 0.20689655172413793,
      "deserving/undeserving": 0.16091954022988506,
      "racist": 0.02531645569620253
    }
  },
  "weighted": {
    "macro_f1": 0.32866626466502386,
    "micro_f1": 0.3779816513761468,
    "best_thresholds": [
      0.3500000000000001,
      0.3500000000000001,
      0.5000000000000001,
      0.3500000000000001,
      0.6250000000000002,
      0.32500000000000007,
      0.2750000000000001,
      0.3000000000000001,
      0.2750000000000001,
      0.3750000000000001,
      0.32500000000000007,
      0.3000000000000001,
      0.3000000000000001,
      0.2750000000000001,
      0.32500000000000007,
      0.25000000000000006
    ],
    "label_f1_scores": {
      "ask a genuine question": 0.19801980198019803,
      "ask a rhetorical question": 0.3076923076923077,
      "provide a fact or claim": 0.7402597402597403,
      "provide an observation": 0.46875,
      "express their opinion": 0.8074534161490683,
      "express others opinions": 0.2641509433962264,
      "money aid allocation": 0.24778761061946902,
      "government critique": 0.32653061224489793,
      "societal critique": 0.2631578947368421,
      "solutions/interventions": 0.496,
      "personal interaction": 0.13953488372093023,
      "media portrayal": 0.21333333333333335,
      "not in my backyard": 0.39285714285714285,
      "harmful generalization": 0.20689655172413793,
      "deserving/undeserving": 0.16091954022988506,
      "racist": 0.02531645569620253
    }
  },
  "voting": {
    "macro_f1": 0.3209215059055528,
    "micro_f1": 0.403145103645461,
    "best_thresholds": [
      0.05,
      0.05,
      0.5000000000000001,
      0.05,
      0.05,
      0.5000000000000001,
      0.05,
      0.05,
      0.05,
      0.05,
      0.5000000000000001,
      0.05,
      0.05,
      0.05,
      0.05,
      0.05
    ],
    "label_f1_scores": {
      "ask a genuine question": 0.24,
      "ask a rhetorical question": 0.2702702702702703,
      "provide a fact or claim": 0.7397260273972602,
      "provide an observation": 0.49056603773584906,
      "express their opinion": 0.8950276243093923,
      "express others opinions": 0.26666666666666666,
      "money aid allocation": 0.06060606060606061,
      "government critique": 0.3148148148148148,
      "societal critique": 0.2318840579710145,
      "solutions/interventions": 0.49206349206349204,
      "personal interaction": 0.2,
      "media portrayal": 0.12698412698412698,
      "not in my backyard": 0.36363636363636365,
      "harmful generalization": 0.21739130434782608,
      "deserving/undeserving": 0.1553398058252427,
      "racist": 0.06976744186046512
    }
  }
}