{
  "source": "reddit",
  "model": "roberta-base",
  "macro_f1": 0.28228901389516037,
  "micro_f1": 0.3719256148770246,
  "best_threshold": 0.2,
  "test_size": 101,
  "num_labels": 16,
  "label_f1_scores": {
    "ask a genuine question": 0.18018018018018017,
    "ask a rhetorical question": 0.19642857142857142,
    "provide a fact or claim": 0.7375,
    "provide an observation": 0.4696969696969697,
    "express their opinion": 0.8961748633879781,
    "express others opinions": 0.16363636363636364,
    "money aid allocation": 0.288135593220339,
    "government critique": 0.3025210084033613,
    "societal critique": 0.21238938053097345,
    "solutions/interventions": 0.48120300751879697,
    "personal interaction": 0.19642857142857142,
    "media portrayal": 0.0,
    "not in my backyard": 0.11214953271028037,
    "harmful generalization": 0.18018018018018017,
    "deserving/undeserving": 0.1,
    "racist": 0.0
  },
  "label_precision_scores": {
    "ask a genuine question": 0.09900990099009901,
    "ask a rhetorical question": 0.10891089108910891,
    "provide a fact or claim": 0.5841584158415841,
    "provide an observation": 0.3069306930693069,
    "express their opinion": 0.8118811881188119,
    "express others opinions": 0.0891089108910891,
    "money aid allocation": 0.16831683168316833,
    "government critique": 0.1782178217821782,
    "societal critique": 0.1188118811881188,
    "solutions/interventions": 0.31683168316831684,
    "personal interaction": 0.10891089108910891,
    "media portrayal": 0.0,
    "not in my backyard": 0.0594059405940594,
    "harmful generalization": 0.09900990099009901,
    "deserving/undeserving": 0.05405405405405406,
    "racist": 0.0
  },
  "label_recall_scores": {
    "ask a genuine question": 1.0,
    "ask a rhetorical question": 1.0,
    "provide a fact or claim": 1.0,
    "provide an observation": 1.0,
    "express their opinion": 1.0,
    "express others opinions": 1.0,
    "money aid allocation": 1.0,
    "government critique": 1.0,
    "societal critique": 1.0,
    "solutions/interventions": 1.0,
    "personal interaction": 1.0,
    "media portrayal": 0.0,
    "not in my backyard": 1.0,
    "harmful generalization": 1.0,
    "deserving/undeserving": 0.6666666666666666,
    "racist": 0.0
  }
}