category,f1_score,precision,recall
ask a genuine question,0.18018018018018017,0.09900990099009901,1.0
ask a rhetorical question,0.19642857142857142,0.10891089108910891,1.0
provide a fact or claim,0.7375,0.5841584158415841,1.0
provide an observation,0.4696969696969697,0.3069306930693069,1.0
express their opinion,0.8961748633879781,0.8118811881188119,1.0
express others opinions,0.16363636363636364,0.0891089108910891,1.0
money aid allocation,0.288135593220339,0.16831683168316833,1.0
government critique,0.3025210084033613,0.1782178217821782,1.0
societal critique,0.21238938053097345,0.1188118811881188,1.0
solutions/interventions,0.48120300751879697,0.31683168316831684,1.0
personal interaction,0.19642857142857142,0.10891089108910891,1.0
media portrayal,0.0,0.0,0.0
not in my backyard,0.11214953271028037,0.0594059405940594,1.0
harmful generalization,0.18018018018018017,0.09900990099009901,1.0
deserving/undeserving,0.1,0.05405405405405406,0.6666666666666666
racist,0.0,0.0,0.0
