category,f1_score,threshold
ask a genuine question,0.0,0.45
ask a rhetorical question,0.0,0.5
provide a fact or claim,0.7162162162162162,0.5
provide an observation,0.5,0.4
express their opinion,0.7848101265822784,0.65
express others opinions,0.0392156862745098,0.35000000000000003
money aid allocation,0.21428571428571427,0.4
government critique,0.125,0.35000000000000003
societal critique,0.10344827586206896,0.4
solutions/interventions,0.4878048780487805,0.4
personal interaction,0.19607843137254902,0.35000000000000003
media portrayal,0.15555555555555556,0.30000000000000004
not in my backyard,0.36538461538461536,0.30000000000000004
harmful generalization,0.18181818181818182,0.30000000000000004
deserving/undeserving,0.20253164556962025,0.35000000000000003
racist,0.034482758620689655,0.30000000000000004
