category,f1_score,threshold
ask a genuine question,0.1951219512195122,0.35000000000000003
ask a rhetorical question,0.1981981981981982,0.30000000000000004
provide a fact or claim,0.7605633802816901,0.5
provide an observation,0.59375,0.4
express their opinion,0.8850574712643678,0.6000000000000001
express others opinions,0.0,0.35000000000000003
money aid allocation,0.2,0.4
government critique,0.4,0.35000000000000003
societal critique,0.20512820512820512,0.35000000000000003
solutions/interventions,0.5974025974025974,0.45
personal interaction,0.3225806451612903,0.35000000000000003
media portrayal,0.3448275862068966,0.30000000000000004
not in my backyard,0.41304347826086957,0.35000000000000003
harmful generalization,0.3050847457627119,0.35000000000000003
deserving/undeserving,0.4666666666666667,0.35000000000000003
racist,0.041666666666666664,0.25
