model,macro_f1,micro_f1
roberta,0.3705682245137295,0.45087719298245615
bert,0.25666450534942375,0.37603993344425957
logistic_regression,0.21971756147232446,0.5218800648298217
svm,0.12895700033405283,0.5220588235294118
random_forest,0.11359881031064112,0.46774193548387094
