category,f1_score,precision,recall,threshold
ask a genuine question,0.0,0.0,0.0,0.30000000000000004
ask a rhetorical question,0.12121212121212122,0.09090909090909091,0.18181818181818182,0.3500000000000001
provide a fact or claim,0.7612903225806451,0.6145833333333334,1.0,0.5000000000000001
provide an observation,0.45161290322580644,0.3010752688172043,0.9032258064516129,0.30000000000000004
express their opinion,0.85,0.8717948717948718,0.8292682926829268,0.6500000000000001
express others opinions,0.14893617021276595,0.08235294117647059,0.7777777777777778,0.30000000000000004
money aid allocation,0.0,0.0,0.0,0.5
government critique,0.28,0.21875,0.3888888888888889,0.30000000000000004
societal critique,0.22857142857142856,0.13793103448275862,0.6666666666666666,0.3500000000000001
solutions/interventions,0.4827586206896552,0.3333333333333333,0.875,0.40000000000000013
personal interaction,0.125,0.09523809523809523,0.18181818181818182,0.40000000000000013
media portrayal,0.13333333333333333,0.125,0.14285714285714285,0.25000000000000006
not in my backyard,0.125,0.07142857142857142,0.5,0.20000000000000004
harmful generalization,0.26666666666666666,0.17142857142857143,0.6,0.25000000000000006
deserving/undeserving,0.0,0.0,0.0,0.5
racist,0.039603960396039604,0.020202020202020204,1.0,0.20000000000000004
