{
  "source": "reddit",
  "model": "bert-base-uncased-fixed",
  "macro_f1": 0.25087409543052885,
  "micro_f1": 0.40625,
  "best_thresholds": [
    0.30000000000000004,
    0.3500000000000001,
    0.5000000000000001,
    0.30000000000000004,
    0.6500000000000001,
    0.30000000000000004,
    0.5,
    0.30000000000000004,
    0.3500000000000001,
    0.40000000000000013,
    0.40000000000000013,
    0.25000000000000006,
    0.20000000000000004,
    0.25000000000000006,
    0.5,
    0.20000000000000004
  ],
  "test_size": 101,
  "num_labels": 16,
  "label_f1_scores": {
    "ask a genuine question": 0.0,
    "ask a rhetorical question": 0.12121212121212122,
    "provide a fact or claim": 0.7612903225806451,
    "provide an observation": 0.45161290322580644,
    "express their opinion": 0.85,
    "express others opinions": 0.14893617021276595,
    "money aid allocation": 0.0,
    "government critique": 0.28,
    "societal critique": 0.22857142857142856,
    "solutions/interventions": 0.4827586206896552,
    "personal interaction": 0.125,
    "media portrayal": 0.13333333333333333,
    "not in my backyard": 0.125,
    "harmful generalization": 0.26666666666666666,
    "deserving/undeserving": 0.0,
    "racist": 0.039603960396039604
  },
  "label_precision_scores": {
    "ask a genuine question": 0.0,
    "ask a rhetorical question": 0.09090909090909091,
    "provide a fact or claim": 0.6145833333333334,
    "provide an observation": 0.3010752688172043,
    "express their opinion": 0.8717948717948718,
    "express others opinions": 0.08235294117647059,
    "money aid allocation": 0.0,
    "government critique": 0.21875,
    "societal critique": 0.13793103448275862,
    "solutions/interventions": 0.3333333333333333,
    "personal interaction": 0.09523809523809523,
    "media portrayal": 0.125,
    "not in my backyard": 0.07142857142857142,
    "harmful generalization": 0.17142857142857143,
    "deserving/undeserving": 0.0,
    "racist": 0.020202020202020204
  },
  "label_recall_scores": {
    "ask a genuine question": 0.0,
    "ask a rhetorical question": 0.18181818181818182,
    "provide a fact or claim": 1.0,
    "provide an observation": 0.9032258064516129,
    "express their opinion": 0.8292682926829268,
    "express others opinions": 0.7777777777777778,
    "money aid allocation": 0.0,
    "government critique": 0.3888888888888889,
    "societal critique": 0.6666666666666666,
    "solutions/interventions": 0.875,
    "personal interaction": 0.18181818181818182,
    "media portrayal": 0.14285714285714285,
    "not in my backyard": 0.5,
    "harmful generalization": 0.6,
    "deserving/undeserving": 0.0,
    "racist": 1.0
  }
}