category,f1_score,precision,recall,threshold
ask a genuine question,0.0,0.0,0.0,0.6000000000000002
ask a rhetorical question,0.2127659574468085,0.1388888888888889,0.45454545454545453,0.5500000000000002
provide a fact or claim,0.7375,0.5841584158415841,1.0,0.5500000000000002
provide an observation,0.3283582089552239,0.3055555555555556,0.3548387096774194,0.4500000000000001
express their opinion,0.8505747126436781,0.8043478260869565,0.9024390243902439,0.7250000000000002
express others opinions,0.17391304347826086,0.10810810810810811,0.4444444444444444,0.7000000000000002
money aid allocation,0.19047619047619047,0.16,0.23529411764705882,0.6500000000000002
government critique,0.3008849557522124,0.17894736842105263,0.9444444444444444,0.5500000000000002
societal critique,0.23076923076923078,0.13636363636363635,0.75,0.6250000000000002
solutions/interventions,0.4642857142857143,0.325,0.8125,0.5750000000000002
personal interaction,0.22,0.12359550561797752,1.0,0.25000000000000006
media portrayal,0.11428571428571428,0.061224489795918366,0.8571428571428571,0.2750000000000001
not in my backyard,0.3269230769230769,0.20238095238095238,0.85,0.3750000000000001
harmful generalization,0.18518518518518517,0.10204081632653061,1.0,0.40000000000000013
deserving/undeserving,0.2376237623762376,0.13793103448275862,0.8571428571428571,0.7000000000000002
racist,0.058823529411764705,0.030303030303030304,1.0,0.3750000000000001
