{
  "source": "reddit",
  "model": "bert-base-uncased-advanced",
  "macro_f1": 0.28952308012433114,
  "micro_f1": 0.37160751565762007,
  "best_thresholds": [
    0.6000000000000002,
    0.5500000000000002,
    0.5500000000000002,
    0.4500000000000001,
    0.7250000000000002,
    0.7000000000000002,
    0.6500000000000002,
    0.5500000000000002,
    0.6250000000000002,
    0.5750000000000002,
    0.25000000000000006,
    0.2750000000000001,
    0.3750000000000001,
    0.40000000000000013,
    0.7000000000000002,
    0.3750000000000001
  ],
  "test_size": 101,
  "num_labels": 16,
  "label_f1_scores": {
    "ask a genuine question": 0.0,
    "ask a rhetorical question": 0.2127659574468085,
    "provide a fact or claim": 0.7375,
    "provide an observation": 0.3283582089552239,
    "express their opinion": 0.8505747126436781,
    "express others opinions": 0.17391304347826086,
    "money aid allocation": 0.19047619047619047,
    "government critique": 0.3008849557522124,
    "societal critique": 0.23076923076923078,
    "solutions/interventions": 0.4642857142857143,
    "personal interaction": 0.22,
    "media portrayal": 0.11428571428571428,
    "not in my backyard": 0.3269230769230769,
    "harmful generalization": 0.18518518518518517,
    "deserving/undeserving": 0.2376237623762376,
    "racist": 0.058823529411764705
  },
  "label_precision_scores": {
    "ask a genuine question": 0.0,
    "ask a rhetorical question": 0.1388888888888889,
    "provide a fact or claim": 0.5841584158415841,
    "provide an observation": 0.3055555555555556,
    "express their opinion": 0.8043478260869565,
    "express others opinions": 0.10810810810810811,
    "money aid allocation": 0.16,
    "government critique": 0.17894736842105263,
    "societal critique": 0.13636363636363635,
    "solutions/interventions": 0.325,
    "personal interaction": 0.12359550561797752,
    "media portrayal": 0.061224489795918366,
    "not in my backyard": 0.20238095238095238,
    "harmful generalization": 0.10204081632653061,
    "deserving/undeserving": 0.13793103448275862,
    "racist": 0.030303030303030304
  },
  "label_recall_scores": {
    "ask a genuine question": 0.0,
    "ask a rhetorical question": 0.45454545454545453,
    "provide a fact or claim": 1.0,
    "provide an observation": 0.3548387096774194,
    "express their opinion": 0.9024390243902439,
    "express others opinions": 0.4444444444444444,
    "money aid allocation": 0.23529411764705882,
    "government critique": 0.9444444444444444,
    "societal critique": 0.75,
    "solutions/interventions": 0.8125,
    "personal interaction": 1.0,
    "media portrayal": 0.8571428571428571,
    "not in my backyard": 0.85,
    "harmful generalization": 1.0,
    "deserving/undeserving": 0.8571428571428571,
    "racist": 1.0
  }
}