model,macro_f1,micro_f1
logistic_regression,0.17380286837986986,0.7157190635451505
svm,0.14982638888888888,0.7152777777777778
random_forest,0.13297825056299634,0.6959706959706959
