{
  "source": "news",
  "model": "bert-base-uncased-final",
  "use_smote": true,
  "macro_f1": 0.1970545302069989,
  "micro_f1": 0.42,
  "subset_accuracy": 0.0,
  "hamming_loss": 0.2824675324675325,
  "macro_precision": 0.16415796213590333,
  "macro_recall": 0.4570018796992481,
  "micro_precision": 0.2889908256880734,
  "micro_recall": 0.7682926829268293,
  "best_thresholds": [
    0.2,
    0.25,
    0.75,
    0.5,
    0.45,
    0.30000000000000004,
    0.4,
    0.35000000000000003,
    0.35000000000000003,
    0.4,
    0.5,
    0.5,
    0.5,
    0.2,
    0.5,
    0.5
  ],
  "train_size": 705,
  "val_size": 38,
  "test_size": 77,
  "num_labels": 16,
  "label_f1_scores": {
    "ask a genuine question": 0.1111111111111111,
    "ask a rhetorical question": 0.037037037037037035,
    "provide a fact or claim": 0.9558823529411765,
    "provide an observation": 0.0,
    "express their opinion": 0.3333333333333333,
    "express others opinions": 0.16,
    "money aid allocation": 0.5128205128205128,
    "government critique": 0.25806451612903225,
    "societal critique": 0.16,
    "solutions/interventions": 0.5918367346938775,
    "personal interaction": 0.0,
    "media portrayal": 0.0,
    "not in my backyard": 0.0,
    "harmful generalization": 0.03278688524590164,
    "deserving/undeserving": 0.0,
    "racist": 0.0
  },
  "label_precision_scores": {
    "ask a genuine question": 0.06060606060606061,
    "ask a rhetorical question": 0.019230769230769232,
    "provide a fact or claim": 0.9848484848484849,
    "provide an observation": 0.0,
    "express their opinion": 0.2857142857142857,
    "express others opinions": 0.08823529411764706,
    "money aid allocation": 0.5,
    "government critique": 0.15384615384615385,
    "societal critique": 0.09090909090909091,
    "solutions/interventions": 0.4264705882352941,
    "personal interaction": 0.0,
    "media portrayal": 0.0,
    "not in my backyard": 0.0,
    "harmful generalization": 0.016666666666666666,
    "deserving/undeserving": 0.0,
    "racist": 0.0
  },
  "label_recall_scores": {
    "ask a genuine question": 0.6666666666666666,
    "ask a rhetorical question": 0.5,
    "provide a fact or claim": 0.9285714285714286,
    "provide an observation": 0.0,
    "express their opinion": 0.4,
    "express others opinions": 0.8571428571428571,
    "money aid allocation": 0.5263157894736842,
    "government critique": 0.8,
    "societal critique": 0.6666666666666666,
    "solutions/interventions": 0.9666666666666667,
    "personal interaction": 0.0,
    "media portrayal": 0.0,
    "not in my backyard": 0.0,
    "harmful generalization": 1.0,
    "deserving/undeserving": 0.0,
    "racist": 0.0
  },
  "label_accuracy_scores": {
    "ask a genuine question": 0.5844155844155844,
    "ask a rhetorical question": 0.3246753246753247,
    "provide a fact or claim": 0.922077922077922,
    "provide an observation": 0.974025974025974,
    "express their opinion": 0.6883116883116883,
    "express others opinions": 0.18181818181818182,
    "money aid allocation": 0.7532467532467533,
    "government critique": 0.7012987012987013,
    "societal critique": 0.7272727272727273,
    "solutions/interventions": 0.4805194805194805,
    "personal interaction": 0.987012987012987,
    "media portrayal": 0.987012987012987,
    "not in my backyard": 1.0,
    "harmful generalization": 0.23376623376623376,
    "deserving/undeserving": 0.961038961038961,
    "racist": 0.974025974025974
  },
  "label_support_pos": {
    "ask a genuine question": 3,
    "ask a rhetorical question": 2,
    "provide a fact or claim": 70,
    "provide an observation": 2,
    "express their opinion": 15,
    "express others opinions": 7,
    "money aid allocation": 19,
    "government critique": 5,
    "societal critique": 3,
    "solutions/interventions": 30,
    "personal interaction": 1,
    "media portrayal": 1,
    "not in my backyard": 0,
    "harmful generalization": 1,
    "deserving/undeserving": 3,
    "racist": 2
  },
  "label_support_neg": {
    "ask a genuine question": 74,
    "ask a rhetorical question": 75,
    "provide a fact or claim": 7,
    "provide an observation": 75,
    "express their opinion": 62,
    "express others opinions": 70,
    "money aid allocation": 58,
    "government critique": 72,
    "societal critique": 74,
    "solutions/interventions": 47,
    "personal interaction": 76,
    "media portrayal": 76,
    "not in my backyard": 77,
    "harmful generalization": 76,
    "deserving/undeserving": 74,
    "racist": 75
  },
  "label_roc_auc": {
    "ask a genuine question": 0.6576576576576576,
    "ask a rhetorical question": 0.29333333333333333,
    "provide a fact or claim": 0.9714285714285714,
    "provide an observation": 0.7533333333333333,
    "express their opinion": 0.5903225806451613,
    "express others opinions": 0.4571428571428571,
    "money aid allocation": 0.8339382940108893,
    "government critique": 0.7416666666666667,
    "societal critique": 0.7252252252252253,
    "solutions/interventions": 0.7808510638297872,
    "personal interaction": 0.9473684210526316,
    "media portrayal": 0.7105263157894737,
    "not in my backyard": null,
    "harmful generalization": 0.9342105263157895,
    "deserving/undeserving": 0.5855855855855856,
    "racist": 0.2
  },
  "label_average_precision": {
    "ask a genuine question": 0.12638888888888888,
    "ask a rhetorical question": 0.028309409888357256,
    "provide a fact or claim": 0.9972323107908542,
    "provide an observation": 0.1527777777777778,
    "express their opinion": 0.2411832911723144,
    "express others opinions": 0.0909462982799539,
    "money aid allocation": 0.6454705910275618,
    "government critique": 0.13241174284652546,
    "societal critique": 0.09045584045584046,
    "solutions/interventions": 0.7477377551177666,
    "personal interaction": 0.2,
    "media portrayal": 0.043478260869565216,
    "not in my backyard": null,
    "harmful generalization": 0.16666666666666666,
    "deserving/undeserving": 0.20108932461873638,
    "racist": 0.02369281045751634
  },
  "synthetic_counts_per_category": {
    "ask a genuine question": 0,
    "ask a rhetorical question": 0,
    "provide a fact or claim": 0,
    "provide an observation": 0,
    "express their opinion": 39,
    "express others opinions": 58,
    "money aid allocation": 5,
    "government critique": 62,
    "societal critique": 67,
    "solutions/interventions": 0,
    "personal interaction": 0,
    "media portrayal": 70,
    "not in my backyard": 0,
    "harmful generalization": 0,
    "deserving/undeserving": 63,
    "racist": 74
  },
  "total_synthetic_samples": 438
}