{
  "macro_f1": 0.10086661822846307,
  "micro_f1": 0.15194681861348527,
  "per_category_f1": {
    "ask a genuine question": 0.01098901098901099,
    "ask a rhetorical question": 0.0,
    "provide a fact or claim": 0.044444444444444446,
    "provide an observation": 0.0,
    "express their opinion": 0.2459016393442623,
    "express others opinions": 0.12903225806451613,
    "money aid allocation": 0.4,
    "government critique": 0.11891891891891893,
    "societal critique": 0.0,
    "solutions/interventions": 0.6376811594202898,
    "personal interaction": 0.010638297872340425,
    "media portrayal": 0.0,
    "not in my backyard": 0.0,
    "harmful generalization": 0.016260162601626018,
    "deserving/undeserving": 0.0,
    "racist": 0.0
  },
  "per_category_precision": {
    "ask a genuine question": 0.0055248618784530384,
    "ask a rhetorical question": 0.0,
    "provide a fact or claim": 1.0,
    "provide an observation": 0.0,
    "express their opinion": 0.16853932584269662,
    "express others opinions": 0.07194244604316546,
    "money aid allocation": 0.29292929292929293,
    "government critique": 0.0650887573964497,
    "societal critique": 0.0,
    "solutions/interventions": 0.46808510638297873,
    "personal interaction": 0.0053475935828877,
    "media portrayal": 0.0,
    "not in my backyard": 0.0,
    "harmful generalization": 0.008264462809917356,
    "deserving/undeserving": 0.0,
    "racist": 0.0
  },
  "per_category_recall": {
    "ask a genuine question": 1.0,
    "ask a rhetorical question": 0.0,
    "provide a fact or claim": 0.022727272727272728,
    "provide an observation": 0.0,
    "express their opinion": 0.45454545454545453,
    "express others opinions": 0.625,
    "money aid allocation": 0.6304347826086957,
    "government critique": 0.6875,
    "societal critique": 0.0,
    "solutions/interventions": 1.0,
    "personal interaction": 1.0,
    "media portrayal": 0.0,
    "not in my backyard": 0.0,
    "harmful generalization": 0.5,
    "deserving/undeserving": 0.0,
    "racist": 0.0
  },
  "training_config": {
    "model": "phi4",
    "source": "news",
    "use_lora": true,
    "lora_rank": 16,
    "lora_alpha": 32,
    "lora_dropout": 0.1,
    "lora_target_modules": "all",
    "epochs": 5,
    "batch_size": 16,
    "learning_rate": 1e-05,
    "max_length": 128,
    "train_on_gold": "gpt_only"
  },
  "thresholds": [
    0.5000000000000001,
    0.5000000000000001,
    0.5000000000000001,
    0.5,
    0.5000000000000001,
    0.5000000000000001,
    0.5000000000000001,
    0.5000000000000001,
    0.5000000000000001,
    0.5,
    0.5000000000000001,
    0.5,
    0.5,
    0.5000000000000001,
    0.5000000000000001,
    0.5
  ]
}