{
  "macro_f1": 0.11505595188165837,
  "micro_f1": 0.19037199124726478,
  "per_category_f1": {
    "ask a genuine question": 0.0,
    "ask a rhetorical question": 0.0,
    "provide a fact or claim": 0.15544041450777202,
    "provide an observation": 0.0,
    "express their opinion": 0.29931972789115646,
    "express others opinions": 0.1641025641025641,
    "money aid allocation": 0.38095238095238093,
    "government critique": 0.16783216783216784,
    "societal critique": 0.08163265306122448,
    "solutions/interventions": 0.5504587155963303,
    "personal interaction": 0.019417475728155338,
    "media portrayal": 0.0,
    "not in my backyard": 0.0,
    "harmful generalization": 0.021739130434782608,
    "deserving/undeserving": 0.0,
    "racist": 0.0
  },
  "per_category_precision": {
    "ask a genuine question": 0.0,
    "ask a rhetorical question": 0.0,
    "provide a fact or claim": 0.8823529411764706,
    "provide an observation": 0.0,
    "express their opinion": 0.19298245614035087,
    "express others opinions": 0.0893854748603352,
    "money aid allocation": 0.23783783783783785,
    "government critique": 0.09448818897637795,
    "societal critique": 0.047619047619047616,
    "solutions/interventions": 0.46153846153846156,
    "personal interaction": 0.00980392156862745,
    "media portrayal": 0.0,
    "not in my backyard": 0.0,
    "harmful generalization": 0.01098901098901099,
    "deserving/undeserving": 0.0,
    "racist": 0.0
  },
  "per_category_recall": {
    "ask a genuine question": 0.0,
    "ask a rhetorical question": 0.0,
    "provide a fact or claim": 0.08522727272727272,
    "provide an observation": 0.0,
    "express their opinion": 0.6666666666666666,
    "express others opinions": 1.0,
    "money aid allocation": 0.9565217391304348,
    "government critique": 0.75,
    "societal critique": 0.2857142857142857,
    "solutions/interventions": 0.6818181818181818,
    "personal interaction": 1.0,
    "media portrayal": 0.0,
    "not in my backyard": 0.0,
    "harmful generalization": 1.0,
    "deserving/undeserving": 0.0,
    "racist": 0.0
  },
  "training_config": {
    "model": "qwen",
    "source": "news",
    "use_lora": true,
    "lora_rank": 16,
    "lora_alpha": 32,
    "lora_dropout": 0.1,
    "lora_target_modules": "all",
    "epochs": 5,
    "batch_size": 8,
    "learning_rate": 1e-05,
    "max_length": 128
  }
}