{
  "macro_f1": 0.23628205629093157,
  "micro_f1": 0.6927374301675978,
  "macro_kappa": NaN,
  "per_category_f1": {
    "ask a genuine question": 0.0,
    "ask a rhetorical question": 0.0,
    "provide a fact or claim": 0.9666666666666667,
    "provide an observation": 0.1276595744680851,
    "express their opinion": 0.44776119402985076,
    "express others opinions": 0.2413793103448276,
    "money aid allocation": 0.5647058823529412,
    "government critique": 0.42857142857142855,
    "societal critique": 0.25,
    "solutions/interventions": 0.7537688442211056,
    "personal interaction": 0.0,
    "media portrayal": 0.0,
    "not in my backyard": 0.0,
    "harmful generalization": 0.0,
    "deserving/undeserving": 0.0,
    "racist": 0.0
  },
  "per_category_precision": {
    "ask a genuine question": 0.0,
    "ask a rhetorical question": 0.0,
    "provide a fact or claim": 0.9456521739130435,
    "provide an observation": 0.06976744186046512,
    "express their opinion": 0.4411764705882353,
    "express others opinions": 0.16666666666666666,
    "money aid allocation": 0.6153846153846154,
    "government critique": 0.34615384615384615,
    "societal critique": 0.17647058823529413,
    "solutions/interventions": 0.6756756756756757,
    "personal interaction": 0.0,
    "media portrayal": 0.0,
    "not in my backyard": 0.0,
    "harmful generalization": 0.0,
    "deserving/undeserving": 0.0,
    "racist": 0.0
  },
  "per_category_recall": {
    "ask a genuine question": 0.0,
    "ask a rhetorical question": 0.0,
    "provide a fact or claim": 0.9886363636363636,
    "provide an observation": 0.75,
    "express their opinion": 0.45454545454545453,
    "express others opinions": 0.4375,
    "money aid allocation": 0.5217391304347826,
    "government critique": 0.5625,
    "societal critique": 0.42857142857142855,
    "solutions/interventions": 0.8522727272727273,
    "personal interaction": 0.0,
    "media portrayal": 0.0,
    "not in my backyard": 0.0,
    "harmful generalization": 0.0,
    "deserving/undeserving": 0.0,
    "racist": 0.0
  },
  "per_category_accuracy": {
    "ask a genuine question": 0.9894736842105263,
    "ask a rhetorical question": 0.9789473684210527,
    "provide a fact or claim": 0.9368421052631579,
    "provide an observation": 0.7842105263157895,
    "express their opinion": 0.8052631578947368,
    "express others opinions": 0.7684210526315789,
    "money aid allocation": 0.8052631578947368,
    "government critique": 0.8736842105263158,
    "societal critique": 0.9052631578947369,
    "solutions/interventions": 0.7421052631578947,
    "personal interaction": 0.9947368421052631,
    "media portrayal": 0.9789473684210527,
    "not in my backyard": 1.0,
    "harmful generalization": 0.9894736842105263,
    "deserving/undeserving": 1.0,
    "racist": 1.0
  },
  "per_category_kappa": {
    "ask a genuine question": -0.005291005291005346,
    "ask a rhetorical question": -0.007957559681697424,
    "provide a fact or claim": 0.3722466960352423,
    "provide an observation": 0.09270906126252043,
    "express their opinion": 0.3295823002098035,
    "express others opinions": 0.1360066143034313,
    "money aid allocation": 0.44037573634771543,
    "government critique": 0.36205931729155005,
    "societal critique": 0.2086996760758909,
    "solutions/interventions": 0.4905329977016526,
    "personal interaction": 0.0,
    "media portrayal": -0.007957559681697424,
    "not in my backyard": NaN,
    "harmful generalization": 0.0,
    "deserving/undeserving": NaN,
    "racist": NaN
  },
  "thresholds": [
    0.5,
    0.5,
    0.6000000238418579,
    0.5,
    0.550000011920929,
    0.44999998807907104,
    0.44999998807907104,
    0.5,
    0.6000000238418579,
    0.5,
    0.5,
    0.5,
    0.5,
    0.5,
    0.5,
    0.5
  ],
  "training_config": {
    "model": "modernbert-base",
    "source": "news",
    "use_lora": false,
    "lora_rank": null,
    "lora_alpha": null,
    "lora_dropout": null,
    "lora_target_modules": null,
    "epochs": 3,
    "batch_size": 16,
    "learning_rate": 6e-06,
    "max_length": 128,
    "eval_threshold": "val_opt",
    "fixed_threshold": 0.5
  },
  "val_metrics": {
    "epoch": 3,
    "val_loss": 0.06577176507562399,
    "macro_f1": 0.272085521705529,
    "micro_f1": 0.6687435098650052,
    "macro_kappa": NaN,
    "per_label_f1": {
      "ask a genuine question": 0.0,
      "ask a rhetorical question": 0.0,
      "provide a fact or claim": 0.9723756906077348,
      "provide an observation": 0.14545454545454545,
      "express their opinion": 0.5142857142857142,
      "express others opinions": 0.21212121212121213,
      "money aid allocation": 0.6346153846153846,
      "government critique": 0.2222222222222222,
      "societal critique": 0.4,
      "solutions/interventions": 0.7522935779816514,
      "personal interaction": 0.5,
      "media portrayal": 0.0,
      "not in my backyard": 0.0,
      "harmful generalization": 0.0,
      "deserving/undeserving": 0.0,
      "racist": 0.0
    },
    "per_label_kappa": {
      "ask a genuine question": 0.0,
      "ask a rhetorical question": 0.0,
      "provide a fact or claim": 0.0,
      "provide an observation": 0.11073491336387176,
      "express their opinion": 0.3663850600266786,
      "express others opinions": 0.0014598540145985828,
      "money aid allocation": 0.3916913946587538,
      "government critique": 0.16770963704630792,
      "societal critique": 0.18402404981747922,
      "solutions/interventions": 0.43339960238568587,
      "personal interaction": 0.4960212201591513,
      "media portrayal": 0.0,
      "not in my backyard": 0.0,
      "harmful generalization": 0.0,
      "deserving/undeserving": -0.007067137809187329,
      "racist": NaN
    }
  },
  "val_history": [
    {
      "epoch": 1,
      "train_loss": 0.10752303762375003,
      "train_macro_f1": 0.3793334405184726,
      "train_micro_f1": 0.5655655655655656,
      "val_loss": 0.07340764161199331,
      "val_macro_f1": 0.24684604892238493,
      "val_micro_f1": 0.6107178968655207,
      "val_macro_kappa": NaN
    },
    {
      "epoch": 2,
      "train_loss": 0.08826129176538355,
      "train_macro_f1": 0.4444221662589968,
      "train_micro_f1": 0.6688615930100038,
      "val_loss": 0.06493159880240758,
      "val_macro_f1": 0.26881773171603857,
      "val_micro_f1": 0.6824742268041237,
      "val_macro_kappa": NaN
    },
    {
      "epoch": 3,
      "train_loss": 0.0829368412059589,
      "train_macro_f1": 0.47138163171105596,
      "train_micro_f1": 0.698388909704009,
      "val_loss": 0.06577176507562399,
      "val_macro_f1": 0.272085521705529,
      "val_micro_f1": 0.6687435098650052,
      "val_macro_kappa": NaN
    }
  ]
}