{
  "macro_f1": 0.16497568091624618,
  "micro_f1": 0.45714285714285713,
  "macro_kappa": -0.003299375772516086,
  "per_category_f1": {
    "ask a genuine question": 0.05,
    "ask a rhetorical question": 0.0,
    "provide a fact or claim": 0.972972972972973,
    "provide an observation": 0.0,
    "express their opinion": 0.2894736842105263,
    "express others opinions": 0.1568627450980392,
    "money aid allocation": 0.3829787234042553,
    "government critique": 0.18181818181818182,
    "societal critique": 0.0,
    "solutions/interventions": 0.6055045871559633,
    "personal interaction": 0.0,
    "media portrayal": 0.0,
    "not in my backyard": 0.0,
    "harmful generalization": 0.0,
    "deserving/undeserving": 0.0,
    "racist": 0.0
  },
  "per_category_precision": {
    "ask a genuine question": 0.02564102564102564,
    "ask a rhetorical question": 0.0,
    "provide a fact or claim": 0.9473684210526315,
    "provide an observation": 0.0,
    "express their opinion": 0.1746031746031746,
    "express others opinions": 0.09302325581395349,
    "money aid allocation": 0.23684210526315788,
    "government critique": 0.10416666666666667,
    "societal critique": 0.0,
    "solutions/interventions": 0.4342105263157895,
    "personal interaction": 0.0,
    "media portrayal": 0.0,
    "not in my backyard": 0.0,
    "harmful generalization": 0.0,
    "deserving/undeserving": 0.0,
    "racist": 0.0
  },
  "per_category_recall": {
    "ask a genuine question": 1.0,
    "ask a rhetorical question": 0.0,
    "provide a fact or claim": 1.0,
    "provide an observation": 0.0,
    "express their opinion": 0.8461538461538461,
    "express others opinions": 0.5,
    "money aid allocation": 1.0,
    "government critique": 0.7142857142857143,
    "societal critique": 0.0,
    "solutions/interventions": 1.0,
    "personal interaction": 0.0,
    "media portrayal": 0.0,
    "not in my backyard": 0.0,
    "harmful generalization": 0.0,
    "deserving/undeserving": 0.0,
    "racist": 0.0
  },
  "per_category_accuracy": {
    "ask a genuine question": 0.5,
    "ask a rhetorical question": 0.9210526315789473,
    "provide a fact or claim": 0.9473684210526315,
    "provide an observation": 0.9605263157894737,
    "express their opinion": 0.2894736842105263,
    "express others opinions": 0.4342105263157895,
    "money aid allocation": 0.23684210526315788,
    "government critique": 0.40789473684210525,
    "societal critique": 0.9605263157894737,
    "solutions/interventions": 0.4342105263157895,
    "personal interaction": 0.9473684210526315,
    "media portrayal": 0.8552631578947368,
    "not in my backyard": 0.9473684210526315,
    "harmful generalization": 0.75,
    "deserving/undeserving": 0.9473684210526315,
    "racist": 0.9605263157894737
  },
  "per_category_kappa": {
    "ask a genuine question": 0.024983119513842023,
    "ask a rhetorical question": -0.022421524663677195,
    "provide a fact or claim": 0.0,
    "provide an observation": -0.017857142857143016,
    "express their opinion": 0.008216529724504595,
    "express others opinions": -0.025094102885821812,
    "money aid allocation": 0.0,
    "government critique": 0.02508551881413923,
    "societal critique": 0.0,
    "solutions/interventions": 0.0,
    "personal interaction": -0.020134228187919323,
    "media portrayal": 0.0,
    "not in my backyard": 0.0,
    "harmful generalization": -0.02556818181818188,
    "deserving/undeserving": 0.0,
    "racist": 0.0
  },
  "thresholds": [
    0.5,
    0.5,
    0.10000000149011612,
    0.5,
    0.4000000059604645,
    0.5,
    0.30000001192092896,
    0.5,
    0.5,
    0.4000000059604645,
    0.5,
    0.5,
    0.5,
    0.5,
    0.5,
    0.5
  ],
  "training_config": {
    "model": "bert-base-uncased",
    "source": "news",
    "use_lora": false,
    "lora_rank": null,
    "lora_alpha": null,
    "lora_dropout": null,
    "lora_target_modules": null,
    "epochs": 3,
    "batch_size": 16,
    "learning_rate": 6e-06,
    "max_length": 128,
    "eval_threshold": "val_opt",
    "fixed_threshold": 0.5,
    "train_on_gold": "gold_only"
  },
  "val_metrics": {
    "epoch": 1,
    "val_loss": 0.1555613249540329,
    "macro_f1": 0.18717365423473606,
    "micro_f1": 0.28717948717948716,
    "macro_kappa": 0.029210258489076615,
    "per_label_f1": {
      "ask a genuine question": 0.0,
      "ask a rhetorical question": 0.0,
      "provide a fact or claim": 0.9517241379310345,
      "provide an observation": 0.125,
      "express their opinion": 0.2823529411764706,
      "express others opinions": 0.14285714285714285,
      "money aid allocation": 0.4631578947368421,
      "government critique": 0.1935483870967742,
      "societal critique": 0.1111111111111111,
      "solutions/interventions": 0.6842105263157895,
      "personal interaction": 0.0,
      "media portrayal": 0.04081632653061224,
      "not in my backyard": 0.0,
      "harmful generalization": 0.0,
      "deserving/undeserving": 0.0,
      "racist": 0.0
    },
    "per_label_kappa": {
      "ask a genuine question": 0.0,
      "ask a rhetorical question": -0.01333333333333342,
      "provide a fact or claim": 0.22570532915360508,
      "provide an observation": 0.08275862068965523,
      "express their opinion": 0.0,
      "express others opinions": 0.057851239669421406,
      "money aid allocation": -0.06542056074766345,
      "government critique": 0.09351145038167952,
      "societal critique": 0.04851330203442872,
      "solutions/interventions": 0.022342586323628844,
      "personal interaction": 0.0,
      "media portrayal": 0.015435501653803918,
      "not in my backyard": 0.0,
      "harmful generalization": 0.0,
      "deserving/undeserving": 0.0,
      "racist": 0.0
    }
  },
  "val_history": [
    {
      "epoch": 1,
      "train_loss": 0.1691366563240687,
      "train_macro_f1": 0.1888437465788614,
      "train_micro_f1": 0.25718766335598536,
      "val_loss": 0.1555613249540329,
      "val_macro_f1": 0.18717365423473606,
      "val_micro_f1": 0.28717948717948716,
      "val_macro_kappa": 0.029210258489076615
    },
    {
      "epoch": 2,
      "train_loss": 0.1468737502892812,
      "train_macro_f1": 0.20089107975938486,
      "train_micro_f1": 0.31720759338640536,
      "val_loss": 0.1381296068429947,
      "val_macro_f1": 0.16486957317738343,
      "val_micro_f1": 0.42063492063492064,
      "val_macro_kappa": 0.023103477750729337
    },
    {
      "epoch": 3,
      "train_loss": 0.135834734638532,
      "train_macro_f1": 0.19422926892541656,
      "train_micro_f1": 0.42354533152909335,
      "val_loss": 0.13406210243701935,
      "val_macro_f1": 0.16471645893591172,
      "val_micro_f1": 0.4507042253521127,
      "val_macro_kappa": 0.02220678691909246
    }
  ]
}