{
  "source": "news",
  "model": "modernbert-base-final",
  "use_smote": true,
  "macro_f1": 0.2235185726251276,
  "micro_f1": 0.4541984732824427,
  "subset_accuracy": 0.03896103896103896,
  "hamming_loss": 0.23214285714285715,
  "macro_precision": 0.2066268052100608,
  "macro_recall": 0.3805921052631579,
  "micro_precision": 0.33055555555555555,
  "micro_recall": 0.725609756097561,
  "best_thresholds": [
    0.1,
    0.2,
    0.7000000000000001,
    0.1,
    0.45,
    0.35000000000000003,
    0.35000000000000003,
    0.1,
    0.30000000000000004,
    0.55,
    0.5,
    0.5,
    0.1,
    0.05,
    0.5,
    0.4
  ],
  "train_size": 705,
  "val_size": 38,
  "test_size": 77,
  "num_labels": 16,
  "label_f1_scores": {
    "ask a genuine question": 0.0,
    "ask a rhetorical question": 0.0,
    "provide a fact or claim": 0.948905109489051,
    "provide an observation": 0.0625,
    "express their opinion": 0.5185185185185185,
    "express others opinions": 0.25806451612903225,
    "money aid allocation": 0.6818181818181818,
    "government critique": 0.13559322033898305,
    "societal critique": 0.25,
    "solutions/interventions": 0.6774193548387096,
    "personal interaction": 0.0,
    "media portrayal": 0.0,
    "not in my backyard": 0.0,
    "harmful generalization": 0.043478260869565216,
    "deserving/undeserving": 0.0,
    "racist": 0.0
  },
  "label_precision_scores": {
    "ask a genuine question": 0.0,
    "ask a rhetorical question": 0.0,
    "provide a fact or claim": 0.9701492537313433,
    "provide an observation": 0.03333333333333333,
    "express their opinion": 0.5833333333333334,
    "express others opinions": 0.16666666666666666,
    "money aid allocation": 0.6,
    "government critique": 0.07407407407407407,
    "societal critique": 0.2,
    "solutions/interventions": 0.65625,
    "personal interaction": 0.0,
    "media portrayal": 0.0,
    "not in my backyard": 0.0,
    "harmful generalization": 0.022222222222222223,
    "deserving/undeserving": 0.0,
    "racist": 0.0
  },
  "label_recall_scores": {
    "ask a genuine question": 0.0,
    "ask a rhetorical question": 0.0,
    "provide a fact or claim": 0.9285714285714286,
    "provide an observation": 0.5,
    "express their opinion": 0.4666666666666667,
    "express others opinions": 0.5714285714285714,
    "money aid allocation": 0.7894736842105263,
    "government critique": 0.8,
    "societal critique": 0.3333333333333333,
    "solutions/interventions": 0.7,
    "personal interaction": 0.0,
    "media portrayal": 0.0,
    "not in my backyard": 0.0,
    "harmful generalization": 1.0,
    "deserving/undeserving": 0.0,
    "racist": 0.0
  },
  "label_accuracy_scores": {
    "ask a genuine question": 0.7532467532467533,
    "ask a rhetorical question": 0.9090909090909091,
    "provide a fact or claim": 0.9090909090909091,
    "provide an observation": 0.6103896103896104,
    "express their opinion": 0.8311688311688312,
    "express others opinions": 0.7012987012987013,
    "money aid allocation": 0.8181818181818182,
    "government critique": 0.33766233766233766,
    "societal critique": 0.922077922077922,
    "solutions/interventions": 0.7402597402597403,
    "personal interaction": 0.987012987012987,
    "media portrayal": 0.987012987012987,
    "not in my backyard": 0.4675324675324675,
    "harmful generalization": 0.42857142857142855,
    "deserving/undeserving": 0.922077922077922,
    "racist": 0.961038961038961
  },
  "label_support_pos": {
    "ask a genuine question": 3,
    "ask a rhetorical question": 2,
    "provide a fact or claim": 70,
    "provide an observation": 2,
    "express their opinion": 15,
    "express others opinions": 7,
    "money aid allocation": 19,
    "government critique": 5,
    "societal critique": 3,
    "solutions/interventions": 30,
    "personal interaction": 1,
    "media portrayal": 1,
    "not in my backyard": 0,
    "harmful generalization": 1,
    "deserving/undeserving": 3,
    "racist": 2
  },
  "label_support_neg": {
    "ask a genuine question": 74,
    "ask a rhetorical question": 75,
    "provide a fact or claim": 7,
    "provide an observation": 75,
    "express their opinion": 62,
    "express others opinions": 70,
    "money aid allocation": 58,
    "government critique": 72,
    "societal critique": 74,
    "solutions/interventions": 47,
    "personal interaction": 76,
    "media portrayal": 76,
    "not in my backyard": 77,
    "harmful generalization": 76,
    "deserving/undeserving": 74,
    "racist": 75
  },
  "label_roc_auc": {
    "ask a genuine question": 0.7252252252252253,
    "ask a rhetorical question": 0.1266666666666667,
    "provide a fact or claim": 0.9612244897959183,
    "provide an observation": 0.72,
    "express their opinion": 0.7741935483870968,
    "express others opinions": 0.7795918367346939,
    "money aid allocation": 0.8656987295825771,
    "government critique": 0.7472222222222223,
    "societal critique": 0.6036036036036035,
    "solutions/interventions": 0.8241134751773049,
    "personal interaction": 0.7631578947368421,
    "media portrayal": 0.23684210526315785,
    "not in my backyard": null,
    "harmful generalization": 0.8947368421052632,
    "deserving/undeserving": 0.48198198198198194,
    "racist": 0.6599999999999999
  },
  "label_average_precision": {
    "ask a genuine question": 0.08597883597883599,
    "ask a rhetorical question": 0.022098214285714284,
    "provide a fact or claim": 0.9962254225829121,
    "provide an observation": 0.19047619047619047,
    "express their opinion": 0.609306949350809,
    "express others opinions": 0.22030694026130132,
    "money aid allocation": 0.7014109160598709,
    "government critique": 0.44115288220551374,
    "societal critique": 0.12538461538461537,
    "solutions/interventions": 0.7058955663189225,
    "personal interaction": 0.05263157894736842,
    "media portrayal": 0.01694915254237288,
    "not in my backyard": null,
    "harmful generalization": 0.1111111111111111,
    "deserving/undeserving": 0.04751729751729752,
    "racist": 0.05643879173290938
  },
  "synthetic_counts_per_category": {
    "ask a genuine question": 0,
    "ask a rhetorical question": 0,
    "provide a fact or claim": 0,
    "provide an observation": 0,
    "express their opinion": 39,
    "express others opinions": 58,
    "money aid allocation": 5,
    "government critique": 62,
    "societal critique": 67,
    "solutions/interventions": 0,
    "personal interaction": 0,
    "media portrayal": 70,
    "not in my backyard": 0,
    "harmful generalization": 0,
    "deserving/undeserving": 63,
    "racist": 74
  },
  "total_synthetic_samples": 438
}