{
  "source": "news",
  "model": "modernbert-base-final",
  "use_smote": false,
  "macro_f1": 0.16179362607818698,
  "micro_f1": 0.3333333333333333,
  "subset_accuracy": 0.0,
  "hamming_loss": 0.3181818181818182,
  "macro_precision": 0.1581875031353422,
  "macro_recall": 0.38704573934837094,
  "micro_precision": 0.23113207547169812,
  "micro_recall": 0.5975609756097561,
  "best_thresholds": [
    0.2,
    0.2,
    0.75,
    0.15000000000000002,
    0.45,
    0.25,
    0.45,
    0.25,
    0.35000000000000003,
    0.5,
    0.5,
    0.5,
    0.15000000000000002,
    0.15000000000000002,
    0.5,
    0.15000000000000002
  ],
  "train_size": 267,
  "val_size": 38,
  "test_size": 77,
  "num_labels": 16,
  "label_f1_scores": {
    "ask a genuine question": 0.0,
    "ask a rhetorical question": 0.0,
    "provide a fact or claim": 0.873015873015873,
    "provide an observation": 0.043478260869565216,
    "express their opinion": 0.0,
    "express others opinions": 0.2028985507246377,
    "money aid allocation": 0.5294117647058824,
    "government critique": 0.13793103448275862,
    "societal critique": 0.0,
    "solutions/interventions": 0.6440677966101694,
    "personal interaction": 0.0,
    "media portrayal": 0.0,
    "not in my backyard": 0.0,
    "harmful generalization": 0.10526315789473684,
    "deserving/undeserving": 0.0,
    "racist": 0.05263157894736842
  },
  "label_precision_scores": {
    "ask a genuine question": 0.0,
    "ask a rhetorical question": 0.0,
    "provide a fact or claim": 0.9821428571428571,
    "provide an observation": 0.022727272727272728,
    "express their opinion": 0.0,
    "express others opinions": 0.11290322580645161,
    "money aid allocation": 0.6,
    "government critique": 0.07547169811320754,
    "societal critique": 0.0,
    "solutions/interventions": 0.6551724137931034,
    "personal interaction": 0.0,
    "media portrayal": 0.0,
    "not in my backyard": 0.0,
    "harmful generalization": 0.05555555555555555,
    "deserving/undeserving": 0.0,
    "racist": 0.02702702702702703
  },
  "label_recall_scores": {
    "ask a genuine question": 0.0,
    "ask a rhetorical question": 0.0,
    "provide a fact or claim": 0.7857142857142857,
    "provide an observation": 0.5,
    "express their opinion": 0.0,
    "express others opinions": 1.0,
    "money aid allocation": 0.47368421052631576,
    "government critique": 0.8,
    "societal critique": 0.0,
    "solutions/interventions": 0.6333333333333333,
    "personal interaction": 0.0,
    "media portrayal": 0.0,
    "not in my backyard": 0.0,
    "harmful generalization": 1.0,
    "deserving/undeserving": 0.0,
    "racist": 1.0
  },
  "label_accuracy_scores": {
    "ask a genuine question": 0.935064935064935,
    "ask a rhetorical question": 0.8571428571428571,
    "provide a fact or claim": 0.7922077922077922,
    "provide an observation": 0.42857142857142855,
    "express their opinion": 0.7922077922077922,
    "express others opinions": 0.2857142857142857,
    "money aid allocation": 0.7922077922077922,
    "government critique": 0.35064935064935066,
    "societal critique": 0.948051948051948,
    "solutions/interventions": 0.7272727272727273,
    "personal interaction": 0.987012987012987,
    "media portrayal": 0.987012987012987,
    "not in my backyard": 0.22077922077922077,
    "harmful generalization": 0.7792207792207793,
    "deserving/undeserving": 0.961038961038961,
    "racist": 0.06493506493506493
  },
  "label_support_pos": {
    "ask a genuine question": 3,
    "ask a rhetorical question": 2,
    "provide a fact or claim": 70,
    "provide an observation": 2,
    "express their opinion": 15,
    "express others opinions": 7,
    "money aid allocation": 19,
    "government critique": 5,
    "societal critique": 3,
    "solutions/interventions": 30,
    "personal interaction": 1,
    "media portrayal": 1,
    "not in my backyard": 0,
    "harmful generalization": 1,
    "deserving/undeserving": 3,
    "racist": 2
  },
  "label_support_neg": {
    "ask a genuine question": 74,
    "ask a rhetorical question": 75,
    "provide a fact or claim": 7,
    "provide an observation": 75,
    "express their opinion": 62,
    "express others opinions": 70,
    "money aid allocation": 58,
    "government critique": 72,
    "societal critique": 74,
    "solutions/interventions": 47,
    "personal interaction": 76,
    "media portrayal": 76,
    "not in my backyard": 77,
    "harmful generalization": 76,
    "deserving/undeserving": 74,
    "racist": 75
  },
  "label_roc_auc": {
    "ask a genuine question": 0.6036036036036035,
    "ask a rhetorical question": 0.22666666666666668,
    "provide a fact or claim": 0.9285714285714286,
    "provide an observation": 0.64,
    "express their opinion": 0.7516129032258064,
    "express others opinions": 0.47959183673469385,
    "money aid allocation": 0.8638838475499093,
    "government critique": 0.6805555555555556,
    "societal critique": 0.7027027027027026,
    "solutions/interventions": 0.7971631205673759,
    "personal interaction": 0.6842105263157895,
    "media portrayal": 0.6447368421052632,
    "not in my backyard": null,
    "harmful generalization": 0.9605263157894737,
    "deserving/undeserving": 0.3333333333333333,
    "racist": 0.86
  },
  "label_average_precision": {
    "ask a genuine question": 0.06444444444444444,
    "ask a rhetorical question": 0.024643874643874644,
    "provide a fact or claim": 0.9926552578608699,
    "provide an observation": 0.09142857142857143,
    "express their opinion": 0.33621527630075215,
    "express others opinions": 0.09206355177965239,
    "money aid allocation": 0.6070663066363943,
    "government critique": 0.2088117432765456,
    "societal critique": 0.16269073715882226,
    "solutions/interventions": 0.6566948698662101,
    "personal interaction": 0.04,
    "media portrayal": 0.03571428571428571,
    "not in my backyard": null,
    "harmful generalization": 0.25,
    "deserving/undeserving": 0.03797491039426523,
    "racist": 0.1388888888888889
  },
  "synthetic_counts_per_category": null,
  "total_synthetic_samples": null
}