{
  "source": "news",
  "model": "roberta-base-final",
  "use_smote": true,
  "macro_f1": 0.2324951160335294,
  "micro_f1": 0.35129740518962077,
  "subset_accuracy": 0.0,
  "hamming_loss": 0.2637987012987013,
  "macro_precision": 0.23364434118141744,
  "macro_recall": 0.3888784461152882,
  "micro_precision": 0.26112759643916916,
  "micro_recall": 0.5365853658536586,
  "best_thresholds": [
    0.15000000000000002,
    0.2,
    0.8,
    0.25,
    0.35000000000000003,
    0.35000000000000003,
    0.5,
    0.4,
    0.25,
    0.5,
    0.5,
    0.5,
    0.2,
    0.5,
    0.5,
    0.30000000000000004
  ],
  "train_size": 705,
  "val_size": 38,
  "test_size": 77,
  "num_labels": 16,
  "label_f1_scores": {
    "ask a genuine question": 0.075,
    "ask a rhetorical question": 0.03278688524590164,
    "provide a fact or claim": 0.6,
    "provide an observation": 0.13333333333333333,
    "express their opinion": 0.3870967741935484,
    "express others opinions": 0.17142857142857143,
    "money aid allocation": 0.7058823529411765,
    "government critique": 0.5454545454545454,
    "societal critique": 0.06060606060606061,
    "solutions/interventions": 0.675,
    "personal interaction": 0.0,
    "media portrayal": 0.0,
    "not in my backyard": 0.0,
    "harmful generalization": 0.0,
    "deserving/undeserving": 0.0,
    "racist": 0.3333333333333333
  },
  "label_precision_scores": {
    "ask a genuine question": 0.03896103896103896,
    "ask a rhetorical question": 0.01694915254237288,
    "provide a fact or claim": 1.0,
    "provide an observation": 0.07692307692307693,
    "express their opinion": 0.375,
    "express others opinions": 0.10714285714285714,
    "money aid allocation": 0.8,
    "government critique": 0.5,
    "societal critique": 0.03333333333333333,
    "solutions/interventions": 0.54,
    "personal interaction": 0.0,
    "media portrayal": 0.0,
    "not in my backyard": 0.0,
    "harmful generalization": 0.0,
    "deserving/undeserving": 0.0,
    "racist": 0.25
  },
  "label_recall_scores": {
    "ask a genuine question": 1.0,
    "ask a rhetorical question": 0.5,
    "provide a fact or claim": 0.42857142857142855,
    "provide an observation": 0.5,
    "express their opinion": 0.4,
    "express others opinions": 0.42857142857142855,
    "money aid allocation": 0.631578947368421,
    "government critique": 0.6,
    "societal critique": 0.3333333333333333,
    "solutions/interventions": 0.9,
    "personal interaction": 0.0,
    "media portrayal": 0.0,
    "not in my backyard": 0.0,
    "harmful generalization": 0.0,
    "deserving/undeserving": 0.0,
    "racist": 0.5
  },
  "label_accuracy_scores": {
    "ask a genuine question": 0.03896103896103896,
    "ask a rhetorical question": 0.23376623376623376,
    "provide a fact or claim": 0.4805194805194805,
    "provide an observation": 0.8311688311688312,
    "express their opinion": 0.7532467532467533,
    "express others opinions": 0.6233766233766234,
    "money aid allocation": 0.8701298701298701,
    "government critique": 0.935064935064935,
    "societal critique": 0.5974025974025974,
    "solutions/interventions": 0.6623376623376623,
    "personal interaction": 0.987012987012987,
    "media portrayal": 0.987012987012987,
    "not in my backyard": 0.8831168831168831,
    "harmful generalization": 0.987012987012987,
    "deserving/undeserving": 0.961038961038961,
    "racist": 0.948051948051948
  },
  "label_support_pos": {
    "ask a genuine question": 3,
    "ask a rhetorical question": 2,
    "provide a fact or claim": 70,
    "provide an observation": 2,
    "express their opinion": 15,
    "express others opinions": 7,
    "money aid allocation": 19,
    "government critique": 5,
    "societal critique": 3,
    "solutions/interventions": 30,
    "personal interaction": 1,
    "media portrayal": 1,
    "not in my backyard": 0,
    "harmful generalization": 1,
    "deserving/undeserving": 3,
    "racist": 2
  },
  "label_support_neg": {
    "ask a genuine question": 74,
    "ask a rhetorical question": 75,
    "provide a fact or claim": 7,
    "provide an observation": 75,
    "express their opinion": 62,
    "express others opinions": 70,
    "money aid allocation": 58,
    "government critique": 72,
    "societal critique": 74,
    "solutions/interventions": 47,
    "personal interaction": 76,
    "media portrayal": 76,
    "not in my backyard": 77,
    "harmful generalization": 76,
    "deserving/undeserving": 74,
    "racist": 75
  },
  "label_roc_auc": {
    "ask a genuine question": 0.5315315315315315,
    "ask a rhetorical question": 0.5866666666666667,
    "provide a fact or claim": 0.8081632653061226,
    "provide an observation": 0.6933333333333334,
    "express their opinion": 0.6935483870967742,
    "express others opinions": 0.6020408163265306,
    "money aid allocation": 0.9101633393829401,
    "government critique": 0.8944444444444444,
    "societal critique": 0.6351351351351351,
    "solutions/interventions": 0.8375886524822695,
    "personal interaction": 0.3421052631578947,
    "media portrayal": 0.7894736842105263,
    "not in my backyard": null,
    "harmful generalization": 0.631578947368421,
    "deserving/undeserving": 0.6036036036036037,
    "racist": 0.5733333333333333
  },
  "label_average_precision": {
    "ask a genuine question": 0.11448263515932688,
    "ask a rhetorical question": 0.1827956989247312,
    "provide a fact or claim": 0.9771996472364395,
    "provide an observation": 0.18840579710144928,
    "express their opinion": 0.32901160286595743,
    "express others opinions": 0.1423875119317995,
    "money aid allocation": 0.8200323785048689,
    "government critique": 0.6284615384615384,
    "societal critique": 0.3726851851851852,
    "solutions/interventions": 0.7775476884121872,
    "personal interaction": 0.0196078431372549,
    "media portrayal": 0.058823529411764705,
    "not in my backyard": null,
    "harmful generalization": 0.034482758620689655,
    "deserving/undeserving": 0.20351588911426638,
    "racist": 0.14087301587301587
  },
  "synthetic_counts_per_category": {
    "ask a genuine question": 0,
    "ask a rhetorical question": 0,
    "provide a fact or claim": 0,
    "provide an observation": 0,
    "express their opinion": 39,
    "express others opinions": 58,
    "money aid allocation": 5,
    "government critique": 62,
    "societal critique": 67,
    "solutions/interventions": 0,
    "personal interaction": 0,
    "media portrayal": 70,
    "not in my backyard": 0,
    "harmful generalization": 0,
    "deserving/undeserving": 63,
    "racist": 74
  },
  "total_synthetic_samples": 438
}