{
  "source": "news",
  "model": "roberta-base-final",
  "use_smote": false,
  "macro_f1": 0.14235955493308433,
  "micro_f1": 0.450199203187251,
  "subset_accuracy": 0.012987012987012988,
  "hamming_loss": 0.22402597402597402,
  "macro_precision": 0.14456745491451714,
  "macro_recall": 0.19987468671679198,
  "micro_precision": 0.3343195266272189,
  "micro_recall": 0.6890243902439024,
  "best_thresholds": [
    0.2,
    0.5,
    0.7000000000000001,
    0.5,
    0.35000000000000003,
    0.25,
    0.4,
    0.5,
    0.5,
    0.5,
    0.5,
    0.5,
    0.2,
    0.5,
    0.5,
    0.25
  ],
  "train_size": 267,
  "val_size": 38,
  "test_size": 77,
  "num_labels": 16,
  "label_f1_scores": {
    "ask a genuine question": 0.07407407407407407,
    "ask a rhetorical question": 0.0,
    "provide a fact or claim": 0.9523809523809523,
    "provide an observation": 0.0,
    "express their opinion": 0.11764705882352941,
    "express others opinions": 0.07142857142857142,
    "money aid allocation": 0.44,
    "government critique": 0.0,
    "societal critique": 0.0,
    "solutions/interventions": 0.6222222222222222,
    "personal interaction": 0.0,
    "media portrayal": 0.0,
    "not in my backyard": 0.0,
    "harmful generalization": 0.0,
    "deserving/undeserving": 0.0,
    "racist": 0.0
  },
  "label_precision_scores": {
    "ask a genuine question": 0.041666666666666664,
    "ask a rhetorical question": 0.0,
    "provide a fact or claim": 0.9090909090909091,
    "provide an observation": 0.0,
    "express their opinion": 0.5,
    "express others opinions": 0.04081632653061224,
    "money aid allocation": 0.3548387096774194,
    "government critique": 0.0,
    "societal critique": 0.0,
    "solutions/interventions": 0.4666666666666667,
    "personal interaction": 0.0,
    "media portrayal": 0.0,
    "not in my backyard": 0.0,
    "harmful generalization": 0.0,
    "deserving/undeserving": 0.0,
    "racist": 0.0
  },
  "label_recall_scores": {
    "ask a genuine question": 0.3333333333333333,
    "ask a rhetorical question": 0.0,
    "provide a fact or claim": 1.0,
    "provide an observation": 0.0,
    "express their opinion": 0.06666666666666667,
    "express others opinions": 0.2857142857142857,
    "money aid allocation": 0.5789473684210527,
    "government critique": 0.0,
    "societal critique": 0.0,
    "solutions/interventions": 0.9333333333333333,
    "personal interaction": 0.0,
    "media portrayal": 0.0,
    "not in my backyard": 0.0,
    "harmful generalization": 0.0,
    "deserving/undeserving": 0.0,
    "racist": 0.0
  },
  "label_accuracy_scores": {
    "ask a genuine question": 0.6753246753246753,
    "ask a rhetorical question": 0.974025974025974,
    "provide a fact or claim": 0.9090909090909091,
    "provide an observation": 0.974025974025974,
    "express their opinion": 0.8051948051948052,
    "express others opinions": 0.3246753246753247,
    "money aid allocation": 0.6363636363636364,
    "government critique": 0.935064935064935,
    "societal critique": 0.961038961038961,
    "solutions/interventions": 0.5584415584415584,
    "personal interaction": 0.987012987012987,
    "media portrayal": 0.987012987012987,
    "not in my backyard": 0.06493506493506493,
    "harmful generalization": 0.987012987012987,
    "deserving/undeserving": 0.961038961038961,
    "racist": 0.6753246753246753
  },
  "label_support_pos": {
    "ask a genuine question": 3,
    "ask a rhetorical question": 2,
    "provide a fact or claim": 70,
    "provide an observation": 2,
    "express their opinion": 15,
    "express others opinions": 7,
    "money aid allocation": 19,
    "government critique": 5,
    "societal critique": 3,
    "solutions/interventions": 30,
    "personal interaction": 1,
    "media portrayal": 1,
    "not in my backyard": 0,
    "harmful generalization": 1,
    "deserving/undeserving": 3,
    "racist": 2
  },
  "label_support_neg": {
    "ask a genuine question": 74,
    "ask a rhetorical question": 75,
    "provide a fact or claim": 7,
    "provide an observation": 75,
    "express their opinion": 62,
    "express others opinions": 70,
    "money aid allocation": 58,
    "government critique": 72,
    "societal critique": 74,
    "solutions/interventions": 47,
    "personal interaction": 76,
    "media portrayal": 76,
    "not in my backyard": 77,
    "harmful generalization": 76,
    "deserving/undeserving": 74,
    "racist": 75
  },
  "label_roc_auc": {
    "ask a genuine question": 0.5585585585585585,
    "ask a rhetorical question": 0.21333333333333332,
    "provide a fact or claim": 0.9571428571428572,
    "provide an observation": 0.5466666666666666,
    "express their opinion": 0.7387096774193548,
    "express others opinions": 0.20612244897959187,
    "money aid allocation": 0.7395644283121597,
    "government critique": 0.5416666666666667,
    "societal critique": 0.5855855855855856,
    "solutions/interventions": 0.7156028368794327,
    "personal interaction": 0.39473684210526316,
    "media portrayal": 0.21052631578947367,
    "not in my backyard": null,
    "harmful generalization": 0.9210526315789473,
    "deserving/undeserving": 0.5225225225225225,
    "racist": 0.43333333333333335
  },
  "label_average_precision": {
    "ask a genuine question": 0.11634460547504025,
    "ask a rhetorical question": 0.024493705528188286,
    "provide a fact or claim": 0.9958161865091626,
    "provide an observation": 0.07168458781362007,
    "express their opinion": 0.3536160979264428,
    "express others opinions": 0.06276042581862395,
    "money aid allocation": 0.6078986780180169,
    "government critique": 0.2632395593070619,
    "societal critique": 0.09240477800315529,
    "solutions/interventions": 0.6239726999032968,
    "personal interaction": 0.02127659574468085,
    "media portrayal": 0.01639344262295082,
    "not in my backyard": null,
    "harmful generalization": 0.14285714285714285,
    "deserving/undeserving": 0.36306010928961746,
    "racist": 0.035873015873015876
  },
  "synthetic_counts_per_category": null,
  "total_synthetic_samples": null
}