,Comment_ask a rhetorical question,Perception_not in my backyard,Perception_harmful generalization,Perception_deserving/undeserving,Racist_Flag
x,11.467771162309086,7.377685736474243,39.943049443437744,18.275951333160755,0.15531969971524723
reddit,11.163867979154602,9.837869137232195,29.46728430804864,34.568616097278515,0.1679212507237985
news,4.578967792006209,5.005820721769498,8.459448971672487,6.868451688009313,0.03880481179666279
meeting_minutes,2.6032022655484153,5.2064045310968305,3.9647097266093017,11.17525324038776,0.04356823875394837
