N,Positive_%,Neutral_%,Negative_%,Mean_Sentiment
575032,24.791663768277246,55.14719180845587,20.06114442326688,0.047305193450103644
