Category_Group,N,Positive_%,Neutral_%,Negative_%,Mean_Sentiment
Response Categories,25535,68.87409438026239,7.840219306833758,23.28568631290386,0.45588408067358527
Comment Types,330871,20.978870919482215,61.96281934651269,17.058309734005096,0.03920561185477119
Critique Categories,171778,20.70695898194181,61.75354236281713,17.53949865524107,0.03167460326700742
Perception Types,46777,42.67695662398187,8.566175684631336,48.75686769138679,-0.06079911067404921
Racist Classification,71,38.028169014084504,12.676056338028168,49.29577464788733,-0.11267605633802817
