City_Size,N,Positive_%,Neutral_%,Negative_%,Mean_Sentiment
Large,550817,23.494372904249506,57.20012272678585,19.305504368964645,0.041888685352848586
Small,24215,54.301053066281234,8.44930827999174,37.24963865372703,0.17051414412554203
