Source,N,Positive_%,Neutral_%,Negative_%,Mean_Sentiment
meeting_minutes,52719,66.51491872000607,6.162863483753486,27.322217796240444,0.3919270092376563
news,11772,48.98912674142032,7.296975874957526,43.713897383622154,0.052752293577981654
reddit,493636,19.257104425122964,62.9105251642911,17.832370410585938,0.014247340145370272
x,16905,39.43803608399882,14.534161490683232,46.02780242531795,-0.06589766341319137
