model,macro_f1,micro_f1
logistic_regression,0.22109745298614425,0.7654986522911051
svm,0.15327514197441233,0.7287671232876712
random_forest,0.12903874269005847,0.668769716088328
