{
  "source": "meeting_minutes",
  "model": "bert-base-uncased-final",
  "use_smote": true,
  "macro_f1": 0.182047246974621,
  "micro_f1": 0.3813387423935091,
  "subset_accuracy": 0.013513513513513514,
  "hamming_loss": 0.25760135135135137,
  "macro_precision": 0.18735141399446104,
  "macro_recall": 0.3330233134920635,
  "micro_precision": 0.32081911262798635,
  "micro_recall": 0.47,
  "best_thresholds": [
    0.35000000000000003,
    0.5,
    0.75,
    0.5,
    0.6000000000000001,
    0.5,
    0.35000000000000003,
    0.4,
    0.2,
    0.45,
    0.35000000000000003,
    0.5,
    0.30000000000000004,
    0.5,
    0.35000000000000003,
    0.5
  ],
  "train_size": 695,
  "val_size": 36,
  "test_size": 74,
  "num_labels": 16,
  "label_f1_scores": {
    "ask a genuine question": 0.2028985507246377,
    "ask a rhetorical question": 0.0,
    "provide a fact or claim": 0.7627118644067796,
    "provide an observation": 0.0,
    "express their opinion": 0.36065573770491804,
    "express others opinions": 0.0,
    "money aid allocation": 0.3125,
    "government critique": 0.15384615384615385,
    "societal critique": 0.07894736842105263,
    "solutions/interventions": 0.5294117647058824,
    "personal interaction": 0.36363636363636365,
    "media portrayal": 0.0,
    "not in my backyard": 0.0,
    "harmful generalization": 0.0,
    "deserving/undeserving": 0.14814814814814814,
    "racist": 0.0
  },
  "label_precision_scores": {
    "ask a genuine question": 0.11666666666666667,
    "ask a rhetorical question": 0.0,
    "provide a fact or claim": 0.9375,
    "provide an observation": 0.0,
    "express their opinion": 0.5789473684210527,
    "express others opinions": 0.0,
    "money aid allocation": 0.3125,
    "government critique": 0.14285714285714285,
    "societal critique": 0.0410958904109589,
    "solutions/interventions": 0.5625,
    "personal interaction": 0.2222222222222222,
    "media portrayal": 0.0,
    "not in my backyard": 0.0,
    "harmful generalization": 0.0,
    "deserving/undeserving": 0.08333333333333333,
    "racist": 0.0
  },
  "label_recall_scores": {
    "ask a genuine question": 0.7777777777777778,
    "ask a rhetorical question": 0.0,
    "provide a fact or claim": 0.6428571428571429,
    "provide an observation": 0.0,
    "express their opinion": 0.2619047619047619,
    "express others opinions": 0.0,
    "money aid allocation": 0.3125,
    "government critique": 0.16666666666666666,
    "societal critique": 1.0,
    "solutions/interventions": 0.5,
    "personal interaction": 1.0,
    "media portrayal": 0.0,
    "not in my backyard": 0.0,
    "harmful generalization": 0.0,
    "deserving/undeserving": 0.6666666666666666,
    "racist": 0.0
  },
  "label_accuracy_scores": {
    "ask a genuine question": 0.25675675675675674,
    "ask a rhetorical question": 0.9594594594594594,
    "provide a fact or claim": 0.6216216216216216,
    "provide an observation": 0.972972972972973,
    "express their opinion": 0.47297297297297297,
    "express others opinions": 1.0,
    "money aid allocation": 0.7027027027027027,
    "government critique": 0.8513513513513513,
    "societal critique": 0.05405405405405406,
    "solutions/interventions": 0.5675675675675675,
    "personal interaction": 0.9054054054054054,
    "media portrayal": 1.0,
    "not in my backyard": 0.8648648648648649,
    "harmful generalization": 0.9594594594594594,
    "deserving/undeserving": 0.6891891891891891,
    "racist": 1.0
  },
  "label_support_pos": {
    "ask a genuine question": 9,
    "ask a rhetorical question": 3,
    "provide a fact or claim": 70,
    "provide an observation": 2,
    "express their opinion": 42,
    "express others opinions": 0,
    "money aid allocation": 16,
    "government critique": 6,
    "societal critique": 3,
    "solutions/interventions": 36,
    "personal interaction": 2,
    "media portrayal": 0,
    "not in my backyard": 5,
    "harmful generalization": 3,
    "deserving/undeserving": 3,
    "racist": 0
  },
  "label_support_neg": {
    "ask a genuine question": 65,
    "ask a rhetorical question": 71,
    "provide a fact or claim": 4,
    "provide an observation": 72,
    "express their opinion": 32,
    "express others opinions": 74,
    "money aid allocation": 58,
    "government critique": 68,
    "societal critique": 71,
    "solutions/interventions": 38,
    "personal interaction": 72,
    "media portrayal": 74,
    "not in my backyard": 69,
    "harmful generalization": 71,
    "deserving/undeserving": 71,
    "racist": 74
  },
  "label_roc_auc": {
    "ask a genuine question": 0.6615384615384615,
    "ask a rhetorical question": 0.5868544600938967,
    "provide a fact or claim": 0.5714285714285714,
    "provide an observation": 0.8333333333333333,
    "express their opinion": 0.5252976190476191,
    "express others opinions": null,
    "money aid allocation": 0.6788793103448276,
    "government critique": 0.6004901960784313,
    "societal critique": 0.6525821596244131,
    "solutions/interventions": 0.6366959064327486,
    "personal interaction": 0.9722222222222222,
    "media portrayal": null,
    "not in my backyard": 0.5971014492753624,
    "harmful generalization": 0.43661971830985913,
    "deserving/undeserving": 0.7887323943661972,
    "racist": null
  },
  "label_average_precision": {
    "ask a genuine question": 0.4555110160099919,
    "ask a rhetorical question": 0.12010796221322537,
    "provide a fact or claim": 0.9668183407849004,
    "provide an observation": 0.11513157894736842,
    "express their opinion": 0.585733983591177,
    "express others opinions": null,
    "money aid allocation": 0.37477802332841975,
    "government critique": 0.27466736694677873,
    "societal critique": 0.08791098636728148,
    "solutions/interventions": 0.6348827672623565,
    "personal interaction": 0.6666666666666666,
    "media portrayal": null,
    "not in my backyard": 0.09242407251658723,
    "harmful generalization": 0.13807189542483658,
    "deserving/undeserving": 0.4,
    "racist": null
  },
  "synthetic_counts_per_category": {
    "ask a genuine question": 34,
    "ask a rhetorical question": 68,
    "provide a fact or claim": 0,
    "provide an observation": 69,
    "express their opinion": 0,
    "express others opinions": 0,
    "money aid allocation": 33,
    "government critique": 41,
    "societal critique": 0,
    "solutions/interventions": 0,
    "personal interaction": 70,
    "media portrayal": 0,
    "not in my backyard": 64,
    "harmful generalization": 0,
    "deserving/undeserving": 62,
    "racist": 0
  },
  "total_synthetic_samples": 441
}