{
  "macro_f1": 0.3502307553078206,
  "micro_f1": 0.7517482517482518,
  "macro_kappa": NaN,
  "per_category_f1": {
    "ask a genuine question": 0.75,
    "ask a rhetorical question": 0.25,
    "provide a fact or claim": 0.9830508474576272,
    "provide an observation": 0.2,
    "express their opinion": 0.8470588235294118,
    "express others opinions": 0.06666666666666667,
    "money aid allocation": 0.7619047619047619,
    "government critique": 0.39215686274509803,
    "societal critique": 0.22727272727272727,
    "solutions/interventions": 0.7255813953488373,
    "personal interaction": 0.4,
    "media portrayal": 0.0,
    "not in my backyard": 0.0,
    "harmful generalization": 0.0,
    "deserving/undeserving": 0.0,
    "racist": 0.0
  },
  "per_category_precision": {
    "ask a genuine question": 0.75,
    "ask a rhetorical question": 0.3333333333333333,
    "provide a fact or claim": 0.9666666666666667,
    "provide an observation": 0.125,
    "express their opinion": 0.7448275862068966,
    "express others opinions": 0.034482758620689655,
    "money aid allocation": 0.64,
    "government critique": 0.35714285714285715,
    "societal critique": 0.13157894736842105,
    "solutions/interventions": 0.6046511627906976,
    "personal interaction": 0.3333333333333333,
    "media portrayal": 0.0,
    "not in my backyard": 0.0,
    "harmful generalization": 0.0,
    "deserving/undeserving": 0.0,
    "racist": 0.0
  },
  "per_category_recall": {
    "ask a genuine question": 0.75,
    "ask a rhetorical question": 0.2,
    "provide a fact or claim": 1.0,
    "provide an observation": 0.5,
    "express their opinion": 0.9818181818181818,
    "express others opinions": 1.0,
    "money aid allocation": 0.9411764705882353,
    "government critique": 0.43478260869565216,
    "societal critique": 0.8333333333333334,
    "solutions/interventions": 0.9069767441860465,
    "personal interaction": 0.5,
    "media portrayal": 0.0,
    "not in my backyard": 0.0,
    "harmful generalization": 0.0,
    "deserving/undeserving": 0.0,
    "racist": 0.0
  },
  "per_category_accuracy": {
    "ask a genuine question": 0.9444444444444444,
    "ask a rhetorical question": 0.9666666666666667,
    "provide a fact or claim": 0.9666666666666667,
    "provide an observation": 0.8666666666666667,
    "express their opinion": 0.7833333333333333,
    "express others opinions": 0.8444444444444444,
    "money aid allocation": 0.8888888888888888,
    "government critique": 0.8277777777777777,
    "societal critique": 0.8111111111111111,
    "solutions/interventions": 0.6722222222222223,
    "personal interaction": 0.95,
    "media portrayal": 1.0,
    "not in my backyard": 0.9777777777777777,
    "harmful generalization": 0.9777777777777777,
    "deserving/undeserving": 0.9444444444444444,
    "racist": 1.0
  },
  "per_category_kappa": {
    "ask a genuine question": 0.71875,
    "ask a rhetorical question": 0.23404255319148937,
    "provide a fact or claim": 0.0,
    "provide an observation": 0.15492957746478864,
    "express their opinion": 0.49857142857142855,
    "express others opinions": 0.0565331336578061,
    "money aid allocation": 0.6928327645051195,
    "government critique": 0.29295489102888994,
    "societal critique": 0.18006430868167211,
    "solutions/interventions": 0.3568313953488371,
    "personal interaction": 0.3749999999999999,
    "media portrayal": NaN,
    "not in my backyard": -0.011235955056179803,
    "harmful generalization": 0.0,
    "deserving/undeserving": 0.0,
    "racist": NaN
  },
  "thresholds": [
    0.5,
    0.5,
    0.10000000149011612,
    0.5,
    0.5,
    0.5,
    0.44999998807907104,
    0.550000011920929,
    0.5,
    0.44999998807907104,
    0.5,
    0.5,
    0.5,
    0.5,
    0.5,
    0.5
  ],
  "training_config": {
    "model": "roberta-base",
    "source": "meeting_minutes",
    "use_lora": false,
    "lora_rank": null,
    "lora_alpha": null,
    "lora_dropout": null,
    "lora_target_modules": null,
    "epochs": 4,
    "batch_size": 16,
    "learning_rate": 1e-05,
    "max_length": 128,
    "eval_threshold": "val_opt",
    "fixed_threshold": 0.5
  },
  "val_metrics": {
    "epoch": 4,
    "val_loss": 0.06754998117685318,
    "macro_f1": 0.33643630067103536,
    "micro_f1": 0.7375478927203065,
    "macro_kappa": NaN,
    "per_label_f1": {
      "ask a genuine question": 0.7027027027027027,
      "ask a rhetorical question": 0.0,
      "provide a fact or claim": 0.98005698005698,
      "provide an observation": 0.2222222222222222,
      "express their opinion": 0.7916666666666666,
      "express others opinions": 0.16,
      "money aid allocation": 0.7647058823529411,
      "government critique": 0.47619047619047616,
      "societal critique": 0.1875,
      "solutions/interventions": 0.7342995169082126,
      "personal interaction": 0.36363636363636365,
      "media portrayal": 0.0,
      "not in my backyard": 0.0,
      "harmful generalization": 0.0,
      "deserving/undeserving": 0.0,
      "racist": 0.0
    },
    "per_label_kappa": {
      "ask a genuine question": 0.6697970820057019,
      "ask a rhetorical question": 0.0,
      "provide a fact or claim": 0.21834061135371174,
      "provide an observation": 0.19143901914390182,
      "express their opinion": 0.4049993351947879,
      "express others opinions": 0.13446926087957634,
      "money aid allocation": 0.7030277892990461,
      "government critique": 0.35144927536231885,
      "societal critique": 0.16204537270435726,
      "solutions/interventions": 0.4058273911974428,
      "personal interaction": 0.34500784108729754,
      "media portrayal": 0.0,
      "not in my backyard": -0.005617977528090012,
      "harmful generalization": 0.0,
      "deserving/undeserving": -0.009873060648801113,
      "racist": NaN
    }
  },
  "val_history": [
    {
      "epoch": 1,
      "train_loss": 0.0844783845917765,
      "train_macro_f1": 0.4231739030734252,
      "train_micro_f1": 0.7070660344628195,
      "val_loss": 0.06264845406015714,
      "val_macro_f1": 0.31975975042540894,
      "val_micro_f1": 0.7539370078740157,
      "val_macro_kappa": NaN
    },
    {
      "epoch": 2,
      "train_loss": 0.06680003431285439,
      "train_macro_f1": 0.5571322165037489,
      "train_micro_f1": 0.7857097309016707,
      "val_loss": 0.06741323911895354,
      "val_macro_f1": 0.3340620629410058,
      "val_micro_f1": 0.7381174277726001,
      "val_macro_kappa": NaN
    },
    {
      "epoch": 3,
      "train_loss": 0.06059698016826077,
      "train_macro_f1": 0.5982626330843228,
      "train_micro_f1": 0.8147250464289086,
      "val_loss": 0.06137406236181656,
      "val_macro_f1": 0.3308295860005828,
      "val_micro_f1": 0.7403751233958539,
      "val_macro_kappa": NaN
    },
    {
      "epoch": 4,
      "train_loss": 0.05695415124627057,
      "train_macro_f1": 0.6264089093484403,
      "train_micro_f1": 0.8306616055463186,
      "val_loss": 0.06754998117685318,
      "val_macro_f1": 0.33643630067103536,
      "val_micro_f1": 0.7375478927203065,
      "val_macro_kappa": NaN
    }
  ]
}