{
  "macro_f1": 0.3612046730063308,
  "micro_f1": 0.7493403693931399,
  "macro_kappa": NaN,
  "per_category_f1": {
    "ask a genuine question": 0.6938775510204082,
    "ask a rhetorical question": 0.3333333333333333,
    "provide a fact or claim": 0.9830508474576272,
    "provide an observation": 0.24242424242424243,
    "express their opinion": 0.8260869565217391,
    "express others opinions": 0.07142857142857142,
    "money aid allocation": 0.7032967032967034,
    "government critique": 0.45714285714285713,
    "societal critique": 0.2222222222222222,
    "solutions/interventions": 0.7464114832535885,
    "personal interaction": 0.5,
    "media portrayal": 0.0,
    "not in my backyard": 0.0,
    "harmful generalization": 0.0,
    "deserving/undeserving": 0.0,
    "racist": 0.0
  },
  "per_category_precision": {
    "ask a genuine question": 0.5862068965517241,
    "ask a rhetorical question": 1.0,
    "provide a fact or claim": 0.9666666666666667,
    "provide an observation": 0.14814814814814814,
    "express their opinion": 0.7916666666666666,
    "express others opinions": 0.037037037037037035,
    "money aid allocation": 0.5614035087719298,
    "government critique": 0.3404255319148936,
    "societal critique": 0.13333333333333333,
    "solutions/interventions": 0.6341463414634146,
    "personal interaction": 0.4,
    "media portrayal": 0.0,
    "not in my backyard": 0.0,
    "harmful generalization": 0.0,
    "deserving/undeserving": 0.0,
    "racist": 0.0
  },
  "per_category_recall": {
    "ask a genuine question": 0.85,
    "ask a rhetorical question": 0.2,
    "provide a fact or claim": 1.0,
    "provide an observation": 0.6666666666666666,
    "express their opinion": 0.8636363636363636,
    "express others opinions": 1.0,
    "money aid allocation": 0.9411764705882353,
    "government critique": 0.6956521739130435,
    "societal critique": 0.6666666666666666,
    "solutions/interventions": 0.9069767441860465,
    "personal interaction": 0.6666666666666666,
    "media portrayal": 0.0,
    "not in my backyard": 0.0,
    "harmful generalization": 0.0,
    "deserving/undeserving": 0.0,
    "racist": 0.0
  },
  "per_category_accuracy": {
    "ask a genuine question": 0.9166666666666666,
    "ask a rhetorical question": 0.9777777777777777,
    "provide a fact or claim": 0.9666666666666667,
    "provide an observation": 0.8611111111111112,
    "express their opinion": 0.7777777777777778,
    "express others opinions": 0.8555555555555555,
    "money aid allocation": 0.85,
    "government critique": 0.7888888888888889,
    "societal critique": 0.8444444444444444,
    "solutions/interventions": 0.7055555555555556,
    "personal interaction": 0.9555555555555556,
    "media portrayal": 1.0,
    "not in my backyard": 0.9888888888888889,
    "harmful generalization": 0.9777777777777777,
    "deserving/undeserving": 0.95,
    "racist": 1.0
  },
  "per_category_kappa": {
    "ask a genuine question": 0.6475195822454308,
    "ask a rhetorical question": 0.3271028037383178,
    "provide a fact or claim": 0.0,
    "provide an observation": 0.1987179487179488,
    "express their opinion": 0.52,
    "express others opinions": 0.06137184115523475,
    "money aid allocation": 0.6113243761996161,
    "government critique": 0.34470205020118805,
    "societal critique": 0.17647058823529416,
    "solutions/interventions": 0.4205539358600583,
    "personal interaction": 0.4782608695652174,
    "media portrayal": NaN,
    "not in my backyard": 0.0,
    "harmful generalization": 0.0,
    "deserving/undeserving": 0.0,
    "racist": NaN
  },
  "thresholds": [
    0.4000000059604645,
    0.5,
    0.10000000149011612,
    0.5,
    0.6000000238418579,
    0.5,
    0.4000000059604645,
    0.44999998807907104,
    0.5,
    0.44999998807907104,
    0.5,
    0.5,
    0.5,
    0.5,
    0.5,
    0.5
  ],
  "training_config": {
    "model": "bert-base-uncased",
    "source": "meeting_minutes",
    "use_lora": false,
    "lora_rank": null,
    "lora_alpha": null,
    "lora_dropout": null,
    "lora_target_modules": null,
    "epochs": 4,
    "batch_size": 16,
    "learning_rate": 1e-05,
    "max_length": 128,
    "eval_threshold": "val_opt",
    "fixed_threshold": 0.5
  },
  "val_metrics": {
    "epoch": 1,
    "val_loss": 0.06376095705976088,
    "macro_f1": 0.33284720625259956,
    "micro_f1": 0.7588294651866802,
    "macro_kappa": NaN,
    "per_label_f1": {
      "ask a genuine question": 0.6896551724137931,
      "ask a rhetorical question": 0.0,
      "provide a fact or claim": 0.98005698005698,
      "provide an observation": 0.16,
      "express their opinion": 0.7962962962962963,
      "express others opinions": 0.0,
      "money aid allocation": 0.7887323943661971,
      "government critique": 0.46153846153846156,
      "societal critique": 0.12903225806451613,
      "solutions/interventions": 0.7488151658767772,
      "personal interaction": 0.5714285714285714,
      "media portrayal": 0.0,
      "not in my backyard": 0.0,
      "harmful generalization": 0.0,
      "deserving/undeserving": 0.0,
      "racist": 0.0
    },
    "per_label_kappa": {
      "ask a genuine question": 0.5198497854077253,
      "ask a rhetorical question": 0.0,
      "provide a fact or claim": 0.20846493998736582,
      "provide an observation": 0.12723473415370323,
      "express their opinion": 0.24891716296697353,
      "express others opinions": -0.019528071602929353,
      "money aid allocation": 0.7122186495176849,
      "government critique": 0.1842005317128751,
      "societal critique": 0.10183980672737403,
      "solutions/interventions": 0.4590143711836181,
      "personal interaction": 0.5630593978844589,
      "media portrayal": 0.0,
      "not in my backyard": 0.0,
      "harmful generalization": 0.0,
      "deserving/undeserving": -0.007504690431519689,
      "racist": NaN
    }
  },
  "val_history": [
    {
      "epoch": 1,
      "train_loss": 0.08999892507037113,
      "train_macro_f1": 0.39002160274099895,
      "train_micro_f1": 0.6718633750422726,
      "val_loss": 0.06376095705976088,
      "val_macro_f1": 0.33284720625259956,
      "val_micro_f1": 0.7588294651866802,
      "val_macro_kappa": NaN
    },
    {
      "epoch": 2,
      "train_loss": 0.0704605885922249,
      "train_macro_f1": 0.5197189700346234,
      "train_micro_f1": 0.7615656058791156,
      "val_loss": 0.06208145245909691,
      "val_macro_f1": 0.32737419940042245,
      "val_micro_f1": 0.7670961347869177,
      "val_macro_kappa": NaN
    },
    {
      "epoch": 3,
      "train_loss": 0.06346718683096536,
      "train_macro_f1": 0.5689441246610902,
      "train_micro_f1": 0.7892266428252124,
      "val_loss": 0.06374564363310735,
      "val_macro_f1": 0.325728393016983,
      "val_micro_f1": 0.745136186770428,
      "val_macro_kappa": NaN
    },
    {
      "epoch": 4,
      "train_loss": 0.059671399482556814,
      "train_macro_f1": 0.593007998956033,
      "train_micro_f1": 0.8065109785505775,
      "val_loss": 0.06101351169248422,
      "val_macro_f1": 0.32695795040048636,
      "val_micro_f1": 0.7561697926949654,
      "val_macro_kappa": NaN
    }
  ]
}