{
  "macro_f1": 0.3385621426880836,
  "micro_f1": 0.7254237288135593,
  "macro_kappa": NaN,
  "per_category_f1": {
    "ask a genuine question": 0.7317073170731707,
    "ask a rhetorical question": 0.2222222222222222,
    "provide a fact or claim": 0.9830508474576272,
    "provide an observation": 0.1935483870967742,
    "express their opinion": 0.8145161290322581,
    "express others opinions": 0.0,
    "money aid allocation": 0.7142857142857143,
    "government critique": 0.4146341463414634,
    "societal critique": 0.19047619047619047,
    "solutions/interventions": 0.7239819004524887,
    "personal interaction": 0.42857142857142855,
    "media portrayal": 0.0,
    "not in my backyard": 0.0,
    "harmful generalization": 0.0,
    "deserving/undeserving": 0.0,
    "racist": 0.0
  },
  "per_category_precision": {
    "ask a genuine question": 0.7142857142857143,
    "ask a rhetorical question": 0.25,
    "provide a fact or claim": 0.9666666666666667,
    "provide an observation": 0.12,
    "express their opinion": 0.7318840579710145,
    "express others opinions": 0.0,
    "money aid allocation": 0.6,
    "government critique": 0.288135593220339,
    "societal critique": 0.1111111111111111,
    "solutions/interventions": 0.5925925925925926,
    "personal interaction": 0.375,
    "media portrayal": 0.0,
    "not in my backyard": 0.0,
    "harmful generalization": 0.0,
    "deserving/undeserving": 0.0,
    "racist": 0.0
  },
  "per_category_recall": {
    "ask a genuine question": 0.75,
    "ask a rhetorical question": 0.2,
    "provide a fact or claim": 1.0,
    "provide an observation": 0.5,
    "express their opinion": 0.9181818181818182,
    "express others opinions": 0.0,
    "money aid allocation": 0.8823529411764706,
    "government critique": 0.7391304347826086,
    "societal critique": 0.6666666666666666,
    "solutions/interventions": 0.9302325581395349,
    "personal interaction": 0.5,
    "media portrayal": 0.0,
    "not in my backyard": 0.0,
    "harmful generalization": 0.0,
    "deserving/undeserving": 0.0,
    "racist": 0.0
  },
  "per_category_accuracy": {
    "ask a genuine question": 0.9388888888888889,
    "ask a rhetorical question": 0.9611111111111111,
    "provide a fact or claim": 0.9666666666666667,
    "provide an observation": 0.8611111111111112,
    "express their opinion": 0.7444444444444445,
    "express others opinions": 0.8277777777777777,
    "money aid allocation": 0.8666666666666667,
    "government critique": 0.7333333333333333,
    "societal critique": 0.8111111111111111,
    "solutions/interventions": 0.6611111111111111,
    "personal interaction": 0.9555555555555556,
    "media portrayal": 1.0,
    "not in my backyard": 0.9722222222222222,
    "harmful generalization": 0.9666666666666667,
    "deserving/undeserving": 0.9333333333333333,
    "racist": 1.0
  },
  "per_category_kappa": {
    "ask a genuine question": 0.6972477064220184,
    "ask a rhetorical question": 0.20253164556962033,
    "provide a fact or claim": 0.0,
    "provide an observation": 0.14772727272727282,
    "express their opinion": 0.4201680672268907,
    "express others opinions": -0.010869565217391353,
    "money aid allocation": 0.6313993174061434,
    "government critique": 0.28274946040179305,
    "societal critique": 0.14141414141414133,
    "solutions/interventions": 0.3369565217391305,
    "personal interaction": 0.40594059405940597,
    "media portrayal": NaN,
    "not in my backyard": -0.013513513513513375,
    "harmful generalization": -0.015037593984962294,
    "deserving/undeserving": 0.0,
    "racist": NaN
  },
  "thresholds": [
    0.5,
    0.5,
    0.10000000149011612,
    0.5,
    0.550000011920929,
    0.5,
    0.44999998807907104,
    0.4000000059604645,
    0.5,
    0.4000000059604645,
    0.5,
    0.5,
    0.5,
    0.5,
    0.5,
    0.5
  ],
  "training_config": {
    "model": "modernbert-base",
    "source": "meeting_minutes",
    "use_lora": false,
    "lora_rank": null,
    "lora_alpha": null,
    "lora_dropout": null,
    "lora_target_modules": null,
    "epochs": 4,
    "batch_size": 16,
    "learning_rate": 1e-05,
    "max_length": 128,
    "eval_threshold": "val_opt",
    "fixed_threshold": 0.5
  },
  "val_metrics": {
    "epoch": 4,
    "val_loss": 0.06787483797719081,
    "macro_f1": 0.3659911786704096,
    "micro_f1": 0.7186311787072244,
    "macro_kappa": NaN,
    "per_label_f1": {
      "ask a genuine question": 0.6875,
      "ask a rhetorical question": 0.2222222222222222,
      "provide a fact or claim": 0.98005698005698,
      "provide an observation": 0.13793103448275862,
      "express their opinion": 0.7822222222222223,
      "express others opinions": 0.08333333333333333,
      "money aid allocation": 0.7761194029850746,
      "government critique": 0.53125,
      "societal critique": 0.125,
      "solutions/interventions": 0.7582938388625592,
      "personal interaction": 0.3333333333333333,
      "media portrayal": 0.0,
      "not in my backyard": 0.0,
      "harmful generalization": 0.3333333333333333,
      "deserving/undeserving": 0.10526315789473684,
      "racist": 0.0
    },
    "per_label_kappa": {
      "ask a genuine question": 0.6569566883863549,
      "ask a rhetorical question": 0.20444444444444443,
      "provide a fact or claim": 0.23175965665236054,
      "provide an observation": 0.10338609497094764,
      "express their opinion": 0.35739928201037097,
      "express others opinions": 0.05563549160671455,
      "money aid allocation": 0.7036096699414947,
      "government critique": 0.242043436688977,
      "societal critique": 0.09758732445084628,
      "solutions/interventions": 0.4180111649592049,
      "personal interaction": 0.31285988483685223,
      "media portrayal": 0.0,
      "not in my backyard": -0.00901916572717032,
      "harmful generalization": 0.32325141776937616,
      "deserving/undeserving": 0.09569093610698354,
      "racist": NaN
    }
  },
  "val_history": [
    {
      "epoch": 1,
      "train_loss": 0.08246312844412353,
      "train_macro_f1": 0.4325641180898837,
      "train_micro_f1": 0.6990890586939837,
      "val_loss": 0.06359268259257078,
      "val_macro_f1": 0.3214283999082568,
      "val_micro_f1": 0.7384916748285995,
      "val_macro_kappa": NaN
    },
    {
      "epoch": 2,
      "train_loss": 0.06703373565720017,
      "train_macro_f1": 0.541120477249118,
      "train_micro_f1": 0.7697512948382855,
      "val_loss": 0.06355726687858503,
      "val_macro_f1": 0.32622907872980167,
      "val_micro_f1": 0.7333974975938402,
      "val_macro_kappa": NaN
    },
    {
      "epoch": 3,
      "train_loss": 0.059366264535162284,
      "train_macro_f1": 0.5942650824889696,
      "train_micro_f1": 0.7993796879450581,
      "val_loss": 0.062247803124288716,
      "val_macro_f1": 0.33931346749913543,
      "val_micro_f1": 0.7306562193927522,
      "val_macro_kappa": NaN
    },
    {
      "epoch": 4,
      "train_loss": 0.0537388103350832,
      "train_macro_f1": 0.6306378818709104,
      "train_micro_f1": 0.8185358500047109,
      "val_loss": 0.06787483797719081,
      "val_macro_f1": 0.3659911786704096,
      "val_micro_f1": 0.7186311787072244,
      "val_macro_kappa": NaN
    }
  ]
}