{
  "macro_f1": 0.21652551800905107,
  "micro_f1": 0.66996699669967,
  "macro_kappa": NaN,
  "per_category_f1": {
    "ask a genuine question": 0.3368421052631579,
    "ask a rhetorical question": 0.0,
    "provide a fact or claim": 0.9830508474576272,
    "provide an observation": 0.0,
    "express their opinion": 0.7586206896551724,
    "express others opinions": 0.0,
    "money aid allocation": 0.345679012345679,
    "government critique": 0.37735849056603776,
    "societal critique": 0.0,
    "solutions/interventions": 0.6628571428571428,
    "personal interaction": 0.0,
    "media portrayal": 0.0,
    "not in my backyard": 0.0,
    "harmful generalization": 0.0,
    "deserving/undeserving": 0.0,
    "racist": 0.0
  },
  "per_category_precision": {
    "ask a genuine question": 0.21333333333333335,
    "ask a rhetorical question": 0.0,
    "provide a fact or claim": 0.9666666666666667,
    "provide an observation": 0.0,
    "express their opinion": 0.6111111111111112,
    "express others opinions": 0.0,
    "money aid allocation": 0.21875,
    "government critique": 0.24096385542168675,
    "societal critique": 0.0,
    "solutions/interventions": 0.651685393258427,
    "personal interaction": 0.0,
    "media portrayal": 0.0,
    "not in my backyard": 0.0,
    "harmful generalization": 0.0,
    "deserving/undeserving": 0.0,
    "racist": 0.0
  },
  "per_category_recall": {
    "ask a genuine question": 0.8,
    "ask a rhetorical question": 0.0,
    "provide a fact or claim": 1.0,
    "provide an observation": 0.0,
    "express their opinion": 1.0,
    "express others opinions": 0.0,
    "money aid allocation": 0.8235294117647058,
    "government critique": 0.8695652173913043,
    "societal critique": 0.0,
    "solutions/interventions": 0.6744186046511628,
    "personal interaction": 0.0,
    "media portrayal": 0.0,
    "not in my backyard": 0.0,
    "harmful generalization": 0.0,
    "deserving/undeserving": 0.0,
    "racist": 0.0
  },
  "per_category_accuracy": {
    "ask a genuine question": 0.65,
    "ask a rhetorical question": 0.9722222222222222,
    "provide a fact or claim": 0.9666666666666667,
    "provide an observation": 0.9666666666666667,
    "express their opinion": 0.6111111111111112,
    "express others opinions": 0.9944444444444445,
    "money aid allocation": 0.4111111111111111,
    "government critique": 0.6333333333333333,
    "societal critique": 0.9666666666666667,
    "solutions/interventions": 0.6722222222222223,
    "personal interaction": 0.9666666666666667,
    "media portrayal": 1.0,
    "not in my backyard": 0.9888888888888889,
    "harmful generalization": 0.9777777777777777,
    "deserving/undeserving": 1.0,
    "racist": 1.0
  },
  "per_category_kappa": {
    "ask a genuine question": 0.1957446808510639,
    "ask a rhetorical question": 0.0,
    "provide a fact or claim": 0.0,
    "provide an observation": 0.0,
    "express their opinion": 0.0,
    "express others opinions": 0.0,
    "money aid allocation": 0.06726632772780605,
    "government critique": 0.2215961210850479,
    "societal critique": 0.0,
    "solutions/interventions": 0.3441205533596837,
    "personal interaction": 0.0,
    "media portrayal": NaN,
    "not in my backyard": 0.0,
    "harmful generalization": 0.0,
    "deserving/undeserving": NaN,
    "racist": NaN
  },
  "thresholds": [
    0.30000001192092896,
    0.5,
    0.10000000149011612,
    0.5,
    0.10000000149011612,
    0.5,
    0.4000000059604645,
    0.4000000059604645,
    0.5,
    0.550000011920929,
    0.5,
    0.5,
    0.5,
    0.5,
    0.5,
    0.5
  ],
  "training_config": {
    "model": "qwen",
    "source": "meeting_minutes",
    "use_lora": true,
    "lora_rank": 16,
    "lora_alpha": 32,
    "lora_dropout": 0.2,
    "lora_target_modules": "all",
    "epochs": 4,
    "batch_size": 8,
    "learning_rate": 5e-06,
    "max_length": 128,
    "eval_threshold": "val_opt",
    "fixed_threshold": 0.5
  },
  "val_metrics": {
    "epoch": 4,
    "val_loss": 0.07414805759554324,
    "macro_f1": 0.20436523208611182,
    "micro_f1": 0.7220512820512821,
    "macro_kappa": NaN,
    "per_label_f1": {
      "ask a genuine question": 0.20930232558139536,
      "ask a rhetorical question": 0.0,
      "provide a fact or claim": 0.98005698005698,
      "provide an observation": 0.0,
      "express their opinion": 0.7122302158273381,
      "express others opinions": 0.0,
      "money aid allocation": 0.3576158940397351,
      "government critique": 0.3617021276595745,
      "societal critique": 0.0,
      "solutions/interventions": 0.648936170212766,
      "personal interaction": 0.0,
      "media portrayal": 0.0,
      "not in my backyard": 0.0,
      "harmful generalization": 0.0,
      "deserving/undeserving": 0.0,
      "racist": 0.0
    },
    "per_label_kappa": {
      "ask a genuine question": 0.0,
      "ask a rhetorical question": 0.0,
      "provide a fact or claim": 0.0,
      "provide an observation": 0.0,
      "express their opinion": 0.0,
      "express others opinions": 0.0,
      "money aid allocation": 0.0,
      "government critique": 0.0,
      "societal critique": 0.0,
      "solutions/interventions": 0.04584221748400841,
      "personal interaction": 0.0,
      "media portrayal": 0.0,
      "not in my backyard": 0.0,
      "harmful generalization": 0.0,
      "deserving/undeserving": 0.0,
      "racist": NaN
    }
  },
  "val_history": [
    {
      "epoch": 1,
      "train_loss": 0.11940366848340993,
      "train_macro_f1": 0.3242866935776556,
      "train_micro_f1": 0.6227162301574095,
      "val_loss": 0.07898368459680806,
      "val_macro_f1": 0.18693423352138266,
      "val_micro_f1": 0.7200811359026369,
      "val_macro_kappa": NaN
    },
    {
      "epoch": 2,
      "train_loss": 0.09734095737503023,
      "train_macro_f1": 0.32864942162243604,
      "train_micro_f1": 0.6517637059073523,
      "val_loss": 0.07630005316889804,
      "val_macro_f1": 0.1893595476119886,
      "val_micro_f1": 0.7200811359026369,
      "val_macro_kappa": NaN
    },
    {
      "epoch": 3,
      "train_loss": 0.094451735352898,
      "train_macro_f1": 0.38353102462317995,
      "train_micro_f1": 0.6518080277451931,
      "val_loss": 0.07460058934014777,
      "val_macro_f1": 0.20200443283802766,
      "val_micro_f1": 0.7200811359026369,
      "val_macro_kappa": NaN
    },
    {
      "epoch": 4,
      "train_loss": 0.09283029931387778,
      "train_macro_f1": 0.39870253404204564,
      "train_micro_f1": 0.6540061989485761,
      "val_loss": 0.07414805759554324,
      "val_macro_f1": 0.20436523208611182,
      "val_micro_f1": 0.7220512820512821,
      "val_macro_kappa": NaN
    }
  ]
}