{
  "macro_f1": 0.18367872129556986,
  "micro_f1": 0.43609022556390975,
  "macro_kappa": NaN,
  "per_category_f1": {
    "ask a genuine question": 0.0,
    "ask a rhetorical question": 0.0273972602739726,
    "provide a fact or claim": 0.993006993006993,
    "provide an observation": 0.0,
    "express their opinion": 0.7894736842105263,
    "express others opinions": 0.0273972602739726,
    "money aid allocation": 0.3448275862068966,
    "government critique": 0.0,
    "societal critique": 0.0,
    "solutions/interventions": 0.7027027027027027,
    "personal interaction": 0.0,
    "media portrayal": 0.0,
    "not in my backyard": 0.05405405405405406,
    "harmful generalization": 0.0,
    "deserving/undeserving": 0.0,
    "racist": 0.0
  },
  "per_category_precision": {
    "ask a genuine question": 0.0,
    "ask a rhetorical question": 0.013888888888888888,
    "provide a fact or claim": 0.9861111111111112,
    "provide an observation": 0.0,
    "express their opinion": 0.6716417910447762,
    "express others opinions": 0.013888888888888888,
    "money aid allocation": 0.20833333333333334,
    "government critique": 0.0,
    "societal critique": 0.0,
    "solutions/interventions": 0.5416666666666666,
    "personal interaction": 0.0,
    "media portrayal": 0.0,
    "not in my backyard": 0.027777777777777776,
    "harmful generalization": 0.0,
    "deserving/undeserving": 0.0,
    "racist": 0.0
  },
  "per_category_recall": {
    "ask a genuine question": 0.0,
    "ask a rhetorical question": 1.0,
    "provide a fact or claim": 1.0,
    "provide an observation": 0.0,
    "express their opinion": 0.9574468085106383,
    "express others opinions": 1.0,
    "money aid allocation": 1.0,
    "government critique": 0.0,
    "societal critique": 0.0,
    "solutions/interventions": 1.0,
    "personal interaction": 0.0,
    "media portrayal": 0.0,
    "not in my backyard": 1.0,
    "harmful generalization": 0.0,
    "deserving/undeserving": 0.0,
    "racist": 0.0
  },
  "per_category_accuracy": {
    "ask a genuine question": 0.8888888888888888,
    "ask a rhetorical question": 0.013888888888888888,
    "provide a fact or claim": 0.9861111111111112,
    "provide an observation": 0.9166666666666666,
    "express their opinion": 0.6666666666666666,
    "express others opinions": 0.013888888888888888,
    "money aid allocation": 0.20833333333333334,
    "government critique": 0.6527777777777778,
    "societal critique": 0.9861111111111112,
    "solutions/interventions": 0.5416666666666666,
    "personal interaction": 0.9722222222222222,
    "media portrayal": 0.0,
    "not in my backyard": 0.027777777777777776,
    "harmful generalization": 0.875,
    "deserving/undeserving": 1.0,
    "racist": 1.0
  },
  "per_category_kappa": {
    "ask a genuine question": 0.0,
    "ask a rhetorical question": 0.0,
    "provide a fact or claim": 0.0,
    "provide an observation": -0.04347826086956519,
    "express their opinion": 0.09528795811518331,
    "express others opinions": 0.0,
    "money aid allocation": 0.0,
    "government critique": -0.16279069767441867,
    "societal critique": 0.0,
    "solutions/interventions": 0.0,
    "personal interaction": 0.0,
    "media portrayal": 0.0,
    "not in my backyard": 0.0,
    "harmful generalization": -0.05882352941176472,
    "deserving/undeserving": NaN,
    "racist": NaN
  },
  "thresholds": [
    0.5,
    0.5,
    0.10000000149011612,
    0.5,
    0.5,
    0.5,
    0.10000000149011612,
    0.44999998807907104,
    0.5,
    0.10000000149011612,
    0.5,
    0.5,
    0.5,
    0.5,
    0.5,
    0.5
  ],
  "training_config": {
    "model": "roberta-base",
    "source": "meeting_minutes",
    "use_lora": false,
    "lora_rank": null,
    "lora_alpha": null,
    "lora_dropout": null,
    "lora_target_modules": null,
    "epochs": 3,
    "batch_size": 16,
    "learning_rate": 6e-06,
    "max_length": 128,
    "eval_threshold": "val_opt",
    "fixed_threshold": 0.5,
    "train_on_gold": "gold_only"
  },
  "val_metrics": {
    "epoch": 3,
    "val_loss": 0.16725556552410126,
    "macro_f1": 0.21440318784219847,
    "micro_f1": 0.3918918918918919,
    "macro_kappa": NaN,
    "per_label_f1": {
      "ask a genuine question": 0.0,
      "ask a rhetorical question": 0.05405405405405406,
      "provide a fact or claim": 0.9714285714285714,
      "provide an observation": 0.5,
      "express their opinion": 0.7289719626168224,
      "express others opinions": 0.0,
      "money aid allocation": 0.2857142857142857,
      "government critique": 0.3448275862068966,
      "societal critique": 0.0,
      "solutions/interventions": 0.5454545454545454,
      "personal interaction": 0.0,
      "media portrayal": 0.0,
      "not in my backyard": 0.0,
      "harmful generalization": 0.0,
      "deserving/undeserving": 0.0,
      "racist": 0.0
    },
    "per_label_kappa": {
      "ask a genuine question": 0.0,
      "ask a rhetorical question": 0.0,
      "provide a fact or claim": 0.0,
      "provide an observation": 0.4893617021276596,
      "express their opinion": 0.10921501706484649,
      "express others opinions": 0.0,
      "money aid allocation": -0.07692307692307687,
      "government critique": 0.0,
      "societal critique": 0.0,
      "solutions/interventions": 0.0,
      "personal interaction": 0.0,
      "media portrayal": 0.0,
      "not in my backyard": 0.0,
      "harmful generalization": 0.0,
      "deserving/undeserving": NaN,
      "racist": NaN
    }
  },
  "val_history": [
    {
      "epoch": 1,
      "train_loss": 0.1898462591426713,
      "train_macro_f1": 0.2366007862003283,
      "train_micro_f1": 0.2616685042263874,
      "val_loss": 0.18272151052951813,
      "val_macro_f1": 0.1816277557346424,
      "val_micro_f1": 0.33221850613154963,
      "val_macro_kappa": NaN
    },
    {
      "epoch": 2,
      "train_loss": 0.17716585099697113,
      "train_macro_f1": 0.21340884654667025,
      "train_micro_f1": 0.3487092678798138,
      "val_loss": 0.17254933714866638,
      "val_macro_f1": 0.18344271176934088,
      "val_micro_f1": 0.37673830594184576,
      "val_macro_kappa": NaN
    },
    {
      "epoch": 3,
      "train_loss": 0.16608032690627234,
      "train_macro_f1": 0.21337696657372007,
      "train_micro_f1": 0.39297903461725986,
      "val_loss": 0.16725556552410126,
      "val_macro_f1": 0.21440318784219847,
      "val_micro_f1": 0.3918918918918919,
      "val_macro_kappa": NaN
    }
  ]
}