{
  "macro_f1": 0.19158412841735692,
  "micro_f1": 0.5760517799352751,
  "macro_kappa": NaN,
  "per_category_f1": {
    "ask a genuine question": 0.0,
    "ask a rhetorical question": 0.0,
    "provide a fact or claim": 0.993006993006993,
    "provide an observation": 0.0,
    "express their opinion": 0.8181818181818182,
    "express others opinions": 0.0,
    "money aid allocation": 0.3448275862068966,
    "government critique": 0.17721518987341772,
    "societal critique": 0.029411764705882353,
    "solutions/interventions": 0.7027027027027027,
    "personal interaction": 0.0,
    "media portrayal": 0.0,
    "not in my backyard": 0.0,
    "harmful generalization": 0.0,
    "deserving/undeserving": 0.0,
    "racist": 0.0
  },
  "per_category_precision": {
    "ask a genuine question": 0.0,
    "ask a rhetorical question": 0.0,
    "provide a fact or claim": 0.9861111111111112,
    "provide an observation": 0.0,
    "express their opinion": 0.7142857142857143,
    "express others opinions": 0.0,
    "money aid allocation": 0.20833333333333334,
    "government critique": 0.09722222222222222,
    "societal critique": 0.014925373134328358,
    "solutions/interventions": 0.5416666666666666,
    "personal interaction": 0.0,
    "media portrayal": 0.0,
    "not in my backyard": 0.0,
    "harmful generalization": 0.0,
    "deserving/undeserving": 0.0,
    "racist": 0.0
  },
  "per_category_recall": {
    "ask a genuine question": 0.0,
    "ask a rhetorical question": 0.0,
    "provide a fact or claim": 1.0,
    "provide an observation": 0.0,
    "express their opinion": 0.9574468085106383,
    "express others opinions": 0.0,
    "money aid allocation": 1.0,
    "government critique": 1.0,
    "societal critique": 1.0,
    "solutions/interventions": 1.0,
    "personal interaction": 0.0,
    "media portrayal": 0.0,
    "not in my backyard": 0.0,
    "harmful generalization": 0.0,
    "deserving/undeserving": 0.0,
    "racist": 0.0
  },
  "per_category_accuracy": {
    "ask a genuine question": 0.8888888888888888,
    "ask a rhetorical question": 0.9861111111111112,
    "provide a fact or claim": 0.9861111111111112,
    "provide an observation": 0.9583333333333334,
    "express their opinion": 0.7222222222222222,
    "express others opinions": 0.9861111111111112,
    "money aid allocation": 0.20833333333333334,
    "government critique": 0.09722222222222222,
    "societal critique": 0.08333333333333333,
    "solutions/interventions": 0.5416666666666666,
    "personal interaction": 0.9722222222222222,
    "media portrayal": 1.0,
    "not in my backyard": 0.9722222222222222,
    "harmful generalization": 0.9583333333333334,
    "deserving/undeserving": 1.0,
    "racist": 1.0
  },
  "per_category_kappa": {
    "ask a genuine question": 0.0,
    "ask a rhetorical question": 0.0,
    "provide a fact or claim": 0.0,
    "provide an observation": 0.0,
    "express their opinion": 0.2792792792792793,
    "express others opinions": 0.0,
    "money aid allocation": 0.0,
    "government critique": 0.0,
    "societal critique": 0.002099958000839952,
    "solutions/interventions": 0.0,
    "personal interaction": 0.0,
    "media portrayal": NaN,
    "not in my backyard": 0.0,
    "harmful generalization": 0.0,
    "deserving/undeserving": NaN,
    "racist": NaN
  },
  "thresholds": [
    0.5,
    0.5,
    0.10000000149011612,
    0.5,
    0.550000011920929,
    0.5,
    0.10000000149011612,
    0.10000000149011612,
    0.5,
    0.10000000149011612,
    0.5,
    0.5,
    0.5,
    0.5,
    0.5,
    0.5
  ],
  "training_config": {
    "model": "bert-base-uncased",
    "source": "meeting_minutes",
    "use_lora": false,
    "lora_rank": null,
    "lora_alpha": null,
    "lora_dropout": null,
    "lora_target_modules": null,
    "epochs": 3,
    "batch_size": 16,
    "learning_rate": 6e-06,
    "max_length": 128,
    "eval_threshold": "val_opt",
    "fixed_threshold": 0.5,
    "train_on_gold": "gold_only"
  },
  "val_metrics": {
    "epoch": 1,
    "val_loss": 0.14487484991550445,
    "macro_f1": 0.1814776686727906,
    "micro_f1": 0.5431192660550459,
    "macro_kappa": NaN,
    "per_label_f1": {
      "ask a genuine question": 0.0,
      "ask a rhetorical question": 0.0,
      "provide a fact or claim": 0.9714285714285714,
      "provide an observation": 0.0,
      "express their opinion": 0.7272727272727273,
      "express others opinions": 0.0,
      "money aid allocation": 0.2857142857142857,
      "government critique": 0.24390243902439024,
      "societal critique": 0.12987012987012986,
      "solutions/interventions": 0.5454545454545454,
      "personal interaction": 0.0,
      "media portrayal": 0.0,
      "not in my backyard": 0.0,
      "harmful generalization": 0.0,
      "deserving/undeserving": 0.0,
      "racist": 0.0
    },
    "per_label_kappa": {
      "ask a genuine question": 0.0,
      "ask a rhetorical question": -0.018867924528301883,
      "provide a fact or claim": 0.0,
      "provide an observation": 0.0,
      "express their opinion": 0.0,
      "express others opinions": NaN,
      "money aid allocation": 0.0,
      "government critique": -0.012500000000000178,
      "societal critique": 0.0,
      "solutions/interventions": 0.0,
      "personal interaction": 0.0,
      "media portrayal": NaN,
      "not in my backyard": NaN,
      "harmful generalization": NaN,
      "deserving/undeserving": 0.0,
      "racist": NaN
    }
  },
  "val_history": [
    {
      "epoch": 1,
      "train_loss": 0.15807891424213136,
      "train_macro_f1": 0.2122419280154476,
      "train_micro_f1": 0.4485776805251641,
      "val_loss": 0.14487484991550445,
      "val_macro_f1": 0.1814776686727906,
      "val_micro_f1": 0.5431192660550459,
      "val_macro_kappa": NaN
    },
    {
      "epoch": 2,
      "train_loss": 0.13971921588693345,
      "train_macro_f1": 0.22435911666502772,
      "train_micro_f1": 0.5231338679827268,
      "val_loss": 0.13266079425811766,
      "val_macro_f1": 0.18092603583960437,
      "val_micro_f1": 0.5618860510805501,
      "val_macro_kappa": NaN
    },
    {
      "epoch": 3,
      "train_loss": 0.12937057337590627,
      "train_macro_f1": 0.225973163596853,
      "train_micro_f1": 0.5765171503957783,
      "val_loss": 0.12730315029621125,
      "val_macro_f1": 0.18122965279977477,
      "val_micro_f1": 0.5731462925851704,
      "val_macro_kappa": NaN
    }
  ]
}