{
  "macro_f1": 0.10784416496123841,
  "micro_f1": 0.19187358916478556,
  "per_category_f1": {
    "ask a genuine question": 0.17333333333333334,
    "ask a rhetorical question": 0.0,
    "provide a fact or claim": 0.12903225806451613,
    "provide an observation": 0.0,
    "express their opinion": 0.03571428571428571,
    "express others opinions": 0.016666666666666666,
    "money aid allocation": 0.3142857142857143,
    "government critique": 0.25,
    "societal critique": 0.06779661016949153,
    "solutions/interventions": 0.6513409961685823,
    "personal interaction": 0.06486486486486487,
    "media portrayal": 0.0,
    "not in my backyard": 0.02247191011235955,
    "harmful generalization": 0.0,
    "deserving/undeserving": 0.0,
    "racist": 0.0
  },
  "per_category_precision": {
    "ask a genuine question": 0.1,
    "ask a rhetorical question": 0.0,
    "provide a fact or claim": 1.0,
    "provide an observation": 0.0,
    "express their opinion": 1.0,
    "express others opinions": 0.008403361344537815,
    "money aid allocation": 0.1875,
    "government critique": 0.17543859649122806,
    "societal critique": 0.03508771929824561,
    "solutions/interventions": 0.4857142857142857,
    "personal interaction": 0.0335195530726257,
    "media portrayal": 0.0,
    "not in my backyard": 0.011363636363636364,
    "harmful generalization": 0.0,
    "deserving/undeserving": 0.0,
    "racist": 0.0
  },
  "per_category_recall": {
    "ask a genuine question": 0.65,
    "ask a rhetorical question": 0.0,
    "provide a fact or claim": 0.06896551724137931,
    "provide an observation": 0.0,
    "express their opinion": 0.01818181818181818,
    "express others opinions": 1.0,
    "money aid allocation": 0.9705882352941176,
    "government critique": 0.43478260869565216,
    "societal critique": 1.0,
    "solutions/interventions": 0.9883720930232558,
    "personal interaction": 1.0,
    "media portrayal": 0.0,
    "not in my backyard": 1.0,
    "harmful generalization": 0.0,
    "deserving/undeserving": 0.0,
    "racist": 0.0
  },
  "training_config": {
    "model": "phi4",
    "source": "meeting_minutes",
    "use_lora": true,
    "lora_rank": 16,
    "lora_alpha": 32,
    "lora_dropout": 0.1,
    "lora_target_modules": "all",
    "epochs": 5,
    "batch_size": 16,
    "learning_rate": 1e-05,
    "max_length": 128
  }
}