{
  "source": "meeting_minutes",
  "model": "modernbert-base-final",
  "use_smote": false,
  "macro_f1": 0.22819452459282966,
  "micro_f1": 0.4887005649717514,
  "subset_accuracy": 0.013513513513513514,
  "hamming_loss": 0.30574324324324326,
  "macro_precision": 0.18886548198479797,
  "macro_recall": 0.46887400793650796,
  "micro_precision": 0.3405511811023622,
  "micro_recall": 0.865,
  "best_thresholds": [
    0.25,
    0.5,
    0.75,
    0.2,
    0.45,
    0.5,
    0.35000000000000003,
    0.4,
    0.2,
    0.4,
    0.15000000000000002,
    0.5,
    0.25,
    0.5,
    0.25,
    0.5
  ],
  "train_size": 254,
  "val_size": 36,
  "test_size": 74,
  "num_labels": 16,
  "label_f1_scores": {
    "ask a genuine question": 0.23376623376623376,
    "ask a rhetorical question": 0.0,
    "provide a fact or claim": 0.9714285714285714,
    "provide an observation": 0.05405405405405406,
    "express their opinion": 0.75,
    "express others opinions": 0.0,
    "money aid allocation": 0.4166666666666667,
    "government critique": 0.2,
    "societal critique": 0.09523809523809523,
    "solutions/interventions": 0.7,
    "personal interaction": 0.06779661016949153,
    "media portrayal": 0.0,
    "not in my backyard": 0.16216216216216217,
    "harmful generalization": 0.0,
    "deserving/undeserving": 0.0,
    "racist": 0.0
  },
  "label_precision_scores": {
    "ask a genuine question": 0.1323529411764706,
    "ask a rhetorical question": 0.0,
    "provide a fact or claim": 0.9714285714285714,
    "provide an observation": 0.02857142857142857,
    "express their opinion": 0.6,
    "express others opinions": 0.0,
    "money aid allocation": 0.3125,
    "government critique": 0.25,
    "societal critique": 0.05128205128205128,
    "solutions/interventions": 0.546875,
    "personal interaction": 0.03508771929824561,
    "media portrayal": 0.0,
    "not in my backyard": 0.09375,
    "harmful generalization": 0.0,
    "deserving/undeserving": 0.0,
    "racist": 0.0
  },
  "label_recall_scores": {
    "ask a genuine question": 1.0,
    "ask a rhetorical question": 0.0,
    "provide a fact or claim": 0.9714285714285714,
    "provide an observation": 0.5,
    "express their opinion": 1.0,
    "express others opinions": 0.0,
    "money aid allocation": 0.625,
    "government critique": 0.16666666666666666,
    "societal critique": 0.6666666666666666,
    "solutions/interventions": 0.9722222222222222,
    "personal interaction": 1.0,
    "media portrayal": 0.0,
    "not in my backyard": 0.6,
    "harmful generalization": 0.0,
    "deserving/undeserving": 0.0,
    "racist": 0.0
  },
  "label_accuracy_scores": {
    "ask a genuine question": 0.20270270270270271,
    "ask a rhetorical question": 0.9594594594594594,
    "provide a fact or claim": 0.9459459459459459,
    "provide an observation": 0.527027027027027,
    "express their opinion": 0.6216216216216216,
    "express others opinions": 1.0,
    "money aid allocation": 0.6216216216216216,
    "government critique": 0.8918918918918919,
    "societal critique": 0.4864864864864865,
    "solutions/interventions": 0.5945945945945946,
    "personal interaction": 0.25675675675675674,
    "media portrayal": 1.0,
    "not in my backyard": 0.581081081081081,
    "harmful generalization": 0.9594594594594594,
    "deserving/undeserving": 0.4594594594594595,
    "racist": 1.0
  },
  "label_support_pos": {
    "ask a genuine question": 9,
    "ask a rhetorical question": 3,
    "provide a fact or claim": 70,
    "provide an observation": 2,
    "express their opinion": 42,
    "express others opinions": 0,
    "money aid allocation": 16,
    "government critique": 6,
    "societal critique": 3,
    "solutions/interventions": 36,
    "personal interaction": 2,
    "media portrayal": 0,
    "not in my backyard": 5,
    "harmful generalization": 3,
    "deserving/undeserving": 3,
    "racist": 0
  },
  "label_support_neg": {
    "ask a genuine question": 65,
    "ask a rhetorical question": 71,
    "provide a fact or claim": 4,
    "provide an observation": 72,
    "express their opinion": 32,
    "express others opinions": 74,
    "money aid allocation": 58,
    "government critique": 68,
    "societal critique": 71,
    "solutions/interventions": 38,
    "personal interaction": 72,
    "media portrayal": 74,
    "not in my backyard": 69,
    "harmful generalization": 71,
    "deserving/undeserving": 71,
    "racist": 74
  },
  "label_roc_auc": {
    "ask a genuine question": 0.4376068376068376,
    "ask a rhetorical question": 0.788732394366197,
    "provide a fact or claim": 0.7821428571428571,
    "provide an observation": 0.3194444444444444,
    "express their opinion": 0.6860119047619048,
    "express others opinions": null,
    "money aid allocation": 0.7133620689655172,
    "government critique": 0.6936274509803921,
    "societal critique": 0.4694835680751174,
    "solutions/interventions": 0.6944444444444444,
    "personal interaction": 0.7638888888888888,
    "media portrayal": null,
    "not in my backyard": 0.6144927536231884,
    "harmful generalization": 0.784037558685446,
    "deserving/undeserving": 0.12676056338028172,
    "racist": null
  },
  "label_average_precision": {
    "ask a genuine question": 0.1193085113105753,
    "ask a rhetorical question": 0.1717171717171717,
    "provide a fact or claim": 0.9790429096394806,
    "provide an observation": 0.030117753623188408,
    "express their opinion": 0.7389616347243677,
    "express others opinions": null,
    "money aid allocation": 0.36832381038795514,
    "government critique": 0.20264585655890002,
    "societal critique": 0.048307620634664664,
    "solutions/interventions": 0.6973162927261412,
    "personal interaction": 0.11559139784946236,
    "media portrayal": null,
    "not in my backyard": 0.10167811116086978,
    "harmful generalization": 0.2583333333333333,
    "deserving/undeserving": 0.030944525904203324,
    "racist": null
  },
  "synthetic_counts_per_category": null,
  "total_synthetic_samples": null
}