{
  "source": "meeting_minutes",
  "model": "modernbert-base-final",
  "use_smote": true,
  "macro_f1": 0.22415524344951476,
  "micro_f1": 0.5698529411764706,
  "subset_accuracy": 0.04054054054054054,
  "hamming_loss": 0.19763513513513514,
  "macro_precision": 0.20564635152755983,
  "macro_recall": 0.3432043650793651,
  "micro_precision": 0.45058139534883723,
  "micro_recall": 0.775,
  "best_thresholds": [
    0.30000000000000004,
    0.5,
    0.75,
    0.1,
    0.35000000000000003,
    0.5,
    0.6000000000000001,
    0.5,
    0.05,
    0.45,
    0.2,
    0.5,
    0.35000000000000003,
    0.5,
    0.55,
    0.5
  ],
  "train_size": 695,
  "val_size": 36,
  "test_size": 74,
  "num_labels": 16,
  "label_f1_scores": {
    "ask a genuine question": 0.2127659574468085,
    "ask a rhetorical question": 0.0,
    "provide a fact or claim": 0.9787234042553191,
    "provide an observation": 0.0,
    "express their opinion": 0.7433628318584071,
    "express others opinions": 0.0,
    "money aid allocation": 0.3333333333333333,
    "government critique": 0.0,
    "societal critique": 0.06060606060606061,
    "solutions/interventions": 0.75,
    "personal interaction": 0.3076923076923077,
    "media portrayal": 0.0,
    "not in my backyard": 0.2,
    "harmful generalization": 0.0,
    "deserving/undeserving": 0.0,
    "racist": 0.0
  },
  "label_precision_scores": {
    "ask a genuine question": 0.13157894736842105,
    "ask a rhetorical question": 0.0,
    "provide a fact or claim": 0.971830985915493,
    "provide an observation": 0.0,
    "express their opinion": 0.5915492957746479,
    "express others opinions": 0.0,
    "money aid allocation": 0.5,
    "government critique": 0.0,
    "societal critique": 0.031746031746031744,
    "solutions/interventions": 0.6818181818181818,
    "personal interaction": 0.18181818181818182,
    "media portrayal": 0.0,
    "not in my backyard": 0.2,
    "harmful generalization": 0.0,
    "deserving/undeserving": 0.0,
    "racist": 0.0
  },
  "label_recall_scores": {
    "ask a genuine question": 0.5555555555555556,
    "ask a rhetorical question": 0.0,
    "provide a fact or claim": 0.9857142857142858,
    "provide an observation": 0.0,
    "express their opinion": 1.0,
    "express others opinions": 0.0,
    "money aid allocation": 0.25,
    "government critique": 0.0,
    "societal critique": 0.6666666666666666,
    "solutions/interventions": 0.8333333333333334,
    "personal interaction": 1.0,
    "media portrayal": 0.0,
    "not in my backyard": 0.2,
    "harmful generalization": 0.0,
    "deserving/undeserving": 0.0,
    "racist": 0.0
  },
  "label_accuracy_scores": {
    "ask a genuine question": 0.5,
    "ask a rhetorical question": 0.9324324324324325,
    "provide a fact or claim": 0.9594594594594594,
    "provide an observation": 0.5945945945945946,
    "express their opinion": 0.6081081081081081,
    "express others opinions": 1.0,
    "money aid allocation": 0.7837837837837838,
    "government critique": 0.8783783783783784,
    "societal critique": 0.16216216216216217,
    "solutions/interventions": 0.7297297297297297,
    "personal interaction": 0.8783783783783784,
    "media portrayal": 1.0,
    "not in my backyard": 0.8918918918918919,
    "harmful generalization": 0.9594594594594594,
    "deserving/undeserving": 0.9594594594594594,
    "racist": 1.0
  },
  "label_support_pos": {
    "ask a genuine question": 9,
    "ask a rhetorical question": 3,
    "provide a fact or claim": 70,
    "provide an observation": 2,
    "express their opinion": 42,
    "express others opinions": 0,
    "money aid allocation": 16,
    "government critique": 6,
    "societal critique": 3,
    "solutions/interventions": 36,
    "personal interaction": 2,
    "media portrayal": 0,
    "not in my backyard": 5,
    "harmful generalization": 3,
    "deserving/undeserving": 3,
    "racist": 0
  },
  "label_support_neg": {
    "ask a genuine question": 65,
    "ask a rhetorical question": 71,
    "provide a fact or claim": 4,
    "provide an observation": 72,
    "express their opinion": 32,
    "express others opinions": 74,
    "money aid allocation": 58,
    "government critique": 68,
    "societal critique": 71,
    "solutions/interventions": 38,
    "personal interaction": 72,
    "media portrayal": 74,
    "not in my backyard": 69,
    "harmful generalization": 71,
    "deserving/undeserving": 71,
    "racist": 74
  },
  "label_roc_auc": {
    "ask a genuine question": 0.5401709401709401,
    "ask a rhetorical question": 0.431924882629108,
    "provide a fact or claim": 0.9178571428571428,
    "provide an observation": 0.25,
    "express their opinion": 0.7075892857142857,
    "express others opinions": null,
    "money aid allocation": 0.7790948275862069,
    "government critique": 0.7254901960784313,
    "societal critique": 0.4694835680751173,
    "solutions/interventions": 0.7719298245614035,
    "personal interaction": 0.9375,
    "media portrayal": null,
    "not in my backyard": 0.4811594202898551,
    "harmful generalization": 0.676056338028169,
    "deserving/undeserving": 0.4413145539906103,
    "racist": null
  },
  "label_average_precision": {
    "ask a genuine question": 0.17964768593815772,
    "ask a rhetorical question": 0.08287646198830409,
    "provide a fact or claim": 0.9946386786159254,
    "provide an observation": 0.026333789329685362,
    "express their opinion": 0.7699422342699367,
    "express others opinions": null,
    "money aid allocation": 0.4497251720319154,
    "government critique": 0.19287289771160737,
    "societal critique": 0.052028909787530477,
    "solutions/interventions": 0.7604246323287119,
    "personal interaction": 0.5909090909090909,
    "media portrayal": null,
    "not in my backyard": 0.15734698097601324,
    "harmful generalization": 0.3798076923076923,
    "deserving/undeserving": 0.04654661864745899,
    "racist": null
  },
  "synthetic_counts_per_category": {
    "ask a genuine question": 34,
    "ask a rhetorical question": 68,
    "provide a fact or claim": 0,
    "provide an observation": 69,
    "express their opinion": 0,
    "express others opinions": 0,
    "money aid allocation": 33,
    "government critique": 41,
    "societal critique": 0,
    "solutions/interventions": 0,
    "personal interaction": 70,
    "media portrayal": 0,
    "not in my backyard": 64,
    "harmful generalization": 0,
    "deserving/undeserving": 62,
    "racist": 0
  },
  "total_synthetic_samples": 441
}