{
  "source": "meeting_minutes",
  "model": "roberta-base-final",
  "use_smote": true,
  "macro_f1": 0.24676781926762326,
  "micro_f1": 0.5203619909502263,
  "subset_accuracy": 0.02702702702702703,
  "hamming_loss": 0.17905405405405406,
  "macro_precision": 0.2492548026156517,
  "macro_recall": 0.32720734126984125,
  "micro_precision": 0.47520661157024796,
  "micro_recall": 0.575,
  "best_thresholds": [
    0.4,
    0.5,
    0.8,
    0.2,
    0.5,
    0.5,
    0.45,
    0.45,
    0.5,
    0.5,
    0.4,
    0.5,
    0.30000000000000004,
    0.5,
    0.4,
    0.5
  ],
  "train_size": 695,
  "val_size": 36,
  "test_size": 74,
  "num_labels": 16,
  "label_f1_scores": {
    "ask a genuine question": 0.2857142857142857,
    "ask a rhetorical question": 0.0,
    "provide a fact or claim": 0.6728971962616822,
    "provide an observation": 0.058823529411764705,
    "express their opinion": 0.7578947368421053,
    "express others opinions": 0.0,
    "money aid allocation": 0.3870967741935484,
    "government critique": 0.36363636363636365,
    "societal critique": 0.0,
    "solutions/interventions": 0.7222222222222222,
    "personal interaction": 0.4,
    "media portrayal": 0.0,
    "not in my backyard": 0.3,
    "harmful generalization": 0.0,
    "deserving/undeserving": 0.0,
    "racist": 0.0
  },
  "label_precision_scores": {
    "ask a genuine question": 0.25,
    "ask a rhetorical question": 0.0,
    "provide a fact or claim": 0.972972972972973,
    "provide an observation": 0.030303030303030304,
    "express their opinion": 0.6792452830188679,
    "express others opinions": 0.0,
    "money aid allocation": 0.4,
    "government critique": 0.4,
    "societal critique": 0.0,
    "solutions/interventions": 0.7222222222222222,
    "personal interaction": 0.3333333333333333,
    "media portrayal": 0.0,
    "not in my backyard": 0.2,
    "harmful generalization": 0.0,
    "deserving/undeserving": 0.0,
    "racist": 0.0
  },
  "label_recall_scores": {
    "ask a genuine question": 0.3333333333333333,
    "ask a rhetorical question": 0.0,
    "provide a fact or claim": 0.5142857142857142,
    "provide an observation": 1.0,
    "express their opinion": 0.8571428571428571,
    "express others opinions": 0.0,
    "money aid allocation": 0.375,
    "government critique": 0.3333333333333333,
    "societal critique": 0.0,
    "solutions/interventions": 0.7222222222222222,
    "personal interaction": 0.5,
    "media portrayal": 0.0,
    "not in my backyard": 0.6,
    "harmful generalization": 0.0,
    "deserving/undeserving": 0.0,
    "racist": 0.0
  },
  "label_accuracy_scores": {
    "ask a genuine question": 0.7972972972972973,
    "ask a rhetorical question": 0.9594594594594594,
    "provide a fact or claim": 0.527027027027027,
    "provide an observation": 0.13513513513513514,
    "express their opinion": 0.6891891891891891,
    "express others opinions": 1.0,
    "money aid allocation": 0.7432432432432432,
    "government critique": 0.9054054054054054,
    "societal critique": 0.9594594594594594,
    "solutions/interventions": 0.7297297297297297,
    "personal interaction": 0.9594594594594594,
    "media portrayal": 1.0,
    "not in my backyard": 0.8108108108108109,
    "harmful generalization": 0.9594594594594594,
    "deserving/undeserving": 0.9594594594594594,
    "racist": 1.0
  },
  "label_support_pos": {
    "ask a genuine question": 9,
    "ask a rhetorical question": 3,
    "provide a fact or claim": 70,
    "provide an observation": 2,
    "express their opinion": 42,
    "express others opinions": 0,
    "money aid allocation": 16,
    "government critique": 6,
    "societal critique": 3,
    "solutions/interventions": 36,
    "personal interaction": 2,
    "media portrayal": 0,
    "not in my backyard": 5,
    "harmful generalization": 3,
    "deserving/undeserving": 3,
    "racist": 0
  },
  "label_support_neg": {
    "ask a genuine question": 65,
    "ask a rhetorical question": 71,
    "provide a fact or claim": 4,
    "provide an observation": 72,
    "express their opinion": 32,
    "express others opinions": 74,
    "money aid allocation": 58,
    "government critique": 68,
    "societal critique": 71,
    "solutions/interventions": 38,
    "personal interaction": 72,
    "media portrayal": 74,
    "not in my backyard": 69,
    "harmful generalization": 71,
    "deserving/undeserving": 71,
    "racist": 74
  },
  "label_roc_auc": {
    "ask a genuine question": 0.7282051282051282,
    "ask a rhetorical question": 0.7511737089201878,
    "provide a fact or claim": 0.7642857142857143,
    "provide an observation": 0.6527777777777778,
    "express their opinion": 0.7001488095238095,
    "express others opinions": null,
    "money aid allocation": 0.7489224137931034,
    "government critique": 0.8357843137254902,
    "societal critique": 0.7934272300469484,
    "solutions/interventions": 0.8019005847953217,
    "personal interaction": 0.8541666666666666,
    "media portrayal": null,
    "not in my backyard": 0.8144927536231885,
    "harmful generalization": 0.2488262910798122,
    "deserving/undeserving": 0.676056338028169,
    "racist": null
  },
  "label_average_precision": {
    "ask a genuine question": 0.40605924839795804,
    "ask a rhetorical question": 0.10327635327635327,
    "provide a fact or claim": 0.9768607320848408,
    "provide an observation": 0.06346153846153846,
    "express their opinion": 0.7180677265251599,
    "express others opinions": null,
    "money aid allocation": 0.5009289101180705,
    "government critique": 0.4936092955700798,
    "societal critique": 0.11994301994301994,
    "solutions/interventions": 0.8168431218513688,
    "personal interaction": 0.5434782608695652,
    "media portrayal": null,
    "not in my backyard": 0.22674136321195143,
    "harmful generalization": 0.03491886073853287,
    "deserving/undeserving": 0.15694444444444444,
    "racist": null
  },
  "synthetic_counts_per_category": {
    "ask a genuine question": 34,
    "ask a rhetorical question": 68,
    "provide a fact or claim": 0,
    "provide an observation": 69,
    "express their opinion": 0,
    "express others opinions": 0,
    "money aid allocation": 33,
    "government critique": 41,
    "societal critique": 0,
    "solutions/interventions": 0,
    "personal interaction": 70,
    "media portrayal": 0,
    "not in my backyard": 64,
    "harmful generalization": 0,
    "deserving/undeserving": 62,
    "racist": 0
  },
  "total_synthetic_samples": 441
}