{
  "source": "meeting_minutes",
  "model": "roberta-base-final",
  "use_smote": false,
  "macro_f1": 0.15635693286502694,
  "micro_f1": 0.3958333333333333,
  "subset_accuracy": 0.0,
  "hamming_loss": 0.2939189189189189,
  "macro_precision": 0.20707677034698002,
  "macro_recall": 0.34234871031746034,
  "micro_precision": 0.30319148936170215,
  "micro_recall": 0.57,
  "best_thresholds": [
    0.30000000000000004,
    0.5,
    0.75,
    0.5,
    0.55,
    0.5,
    0.35000000000000003,
    0.35000000000000003,
    0.5,
    0.5,
    0.5,
    0.5,
    0.25,
    0.5,
    0.25,
    0.5
  ],
  "train_size": 254,
  "val_size": 36,
  "test_size": 74,
  "num_labels": 16,
  "label_f1_scores": {
    "ask a genuine question": 0.225,
    "ask a rhetorical question": 0.0,
    "provide a fact or claim": 0.9635036496350365,
    "provide an observation": 0.0,
    "express their opinion": 0.45901639344262296,
    "express others opinions": 0.0,
    "money aid allocation": 0.36619718309859156,
    "government critique": 0.17391304347826086,
    "societal critique": 0.0,
    "solutions/interventions": 0.10526315789473684,
    "personal interaction": 0.0,
    "media portrayal": 0.0,
    "not in my backyard": 0.12987012987012986,
    "harmful generalization": 0.0,
    "deserving/undeserving": 0.07894736842105263,
    "racist": 0.0
  },
  "label_precision_scores": {
    "ask a genuine question": 0.1267605633802817,
    "ask a rhetorical question": 0.0,
    "provide a fact or claim": 0.9850746268656716,
    "provide an observation": 0.0,
    "express their opinion": 0.7368421052631579,
    "express others opinions": 0.0,
    "money aid allocation": 0.23636363636363636,
    "government critique": 0.11764705882352941,
    "societal critique": 0.0,
    "solutions/interventions": 1.0,
    "personal interaction": 0.0,
    "media portrayal": 0.0,
    "not in my backyard": 0.06944444444444445,
    "harmful generalization": 0.0,
    "deserving/undeserving": 0.0410958904109589,
    "racist": 0.0
  },
  "label_recall_scores": {
    "ask a genuine question": 1.0,
    "ask a rhetorical question": 0.0,
    "provide a fact or claim": 0.9428571428571428,
    "provide an observation": 0.0,
    "express their opinion": 0.3333333333333333,
    "express others opinions": 0.0,
    "money aid allocation": 0.8125,
    "government critique": 0.3333333333333333,
    "societal critique": 0.0,
    "solutions/interventions": 0.05555555555555555,
    "personal interaction": 0.0,
    "media portrayal": 0.0,
    "not in my backyard": 1.0,
    "harmful generalization": 0.0,
    "deserving/undeserving": 1.0,
    "racist": 0.0
  },
  "label_accuracy_scores": {
    "ask a genuine question": 0.16216216216216217,
    "ask a rhetorical question": 0.9594594594594594,
    "provide a fact or claim": 0.9324324324324325,
    "provide an observation": 0.972972972972973,
    "express their opinion": 0.5540540540540541,
    "express others opinions": 1.0,
    "money aid allocation": 0.3918918918918919,
    "government critique": 0.7432432432432432,
    "societal critique": 0.9594594594594594,
    "solutions/interventions": 0.5405405405405406,
    "personal interaction": 0.972972972972973,
    "media portrayal": 1.0,
    "not in my backyard": 0.0945945945945946,
    "harmful generalization": 0.9594594594594594,
    "deserving/undeserving": 0.05405405405405406,
    "racist": 1.0
  },
  "label_support_pos": {
    "ask a genuine question": 9,
    "ask a rhetorical question": 3,
    "provide a fact or claim": 70,
    "provide an observation": 2,
    "express their opinion": 42,
    "express others opinions": 0,
    "money aid allocation": 16,
    "government critique": 6,
    "societal critique": 3,
    "solutions/interventions": 36,
    "personal interaction": 2,
    "media portrayal": 0,
    "not in my backyard": 5,
    "harmful generalization": 3,
    "deserving/undeserving": 3,
    "racist": 0
  },
  "label_support_neg": {
    "ask a genuine question": 65,
    "ask a rhetorical question": 71,
    "provide a fact or claim": 4,
    "provide an observation": 72,
    "express their opinion": 32,
    "express others opinions": 74,
    "money aid allocation": 58,
    "government critique": 68,
    "societal critique": 71,
    "solutions/interventions": 38,
    "personal interaction": 72,
    "media portrayal": 74,
    "not in my backyard": 69,
    "harmful generalization": 71,
    "deserving/undeserving": 71,
    "racist": 74
  },
  "label_roc_auc": {
    "ask a genuine question": 0.6803418803418803,
    "ask a rhetorical question": 0.48826291079812206,
    "provide a fact or claim": 0.7857142857142857,
    "provide an observation": 0.5138888888888888,
    "express their opinion": 0.6748511904761905,
    "express others opinions": null,
    "money aid allocation": 0.4762931034482759,
    "government critique": 0.5367647058823529,
    "societal critique": 0.6572769953051644,
    "solutions/interventions": 0.5,
    "personal interaction": 0.8194444444444444,
    "media portrayal": null,
    "not in my backyard": 0.6405797101449275,
    "harmful generalization": 0.5586854460093897,
    "deserving/undeserving": 0.568075117370892,
    "racist": null
  },
  "label_average_precision": {
    "ask a genuine question": 0.2623110521497618,
    "ask a rhetorical question": 0.049931566504914766,
    "provide a fact or claim": 0.9748942306113546,
    "provide an observation": 0.04173913043478261,
    "express their opinion": 0.7239146544877517,
    "express others opinions": null,
    "money aid allocation": 0.20336515102946,
    "government critique": 0.11381683675801323,
    "societal critique": 0.08385854341736695,
    "solutions/interventions": 0.5200582236592948,
    "personal interaction": 0.14166666666666666,
    "media portrayal": null,
    "not in my backyard": 0.1142929292929293,
    "harmful generalization": 0.07253857253857254,
    "deserving/undeserving": 0.06643323996265173,
    "racist": null
  },
  "synthetic_counts_per_category": null,
  "total_synthetic_samples": null
}