model,macro_f1,micro_f1
logistic_regression,0.22067585395858338,0.6068376068376068
svm,0.14255213319797916,0.592255125284738
random_forest,0.12966019851795713,0.5620608899297423
