{
  "source": "x",
  "model": "bert-base-uncased-final",
  "use_smote": true,
  "macro_f1": 0.3274162020297041,
  "micro_f1": 0.5204359673024523,
  "subset_accuracy": 0.0,
  "hamming_loss": 0.2391304347826087,
  "macro_precision": 0.2778331506085916,
  "macro_recall": 0.47157264032264035,
  "micro_precision": 0.4340909090909091,
  "micro_recall": 0.6496598639455783,
  "best_thresholds": [
    0.30000000000000004,
    0.35000000000000003,
    0.75,
    0.5,
    0.4,
    0.30000000000000004,
    0.35000000000000003,
    0.35000000000000003,
    0.35000000000000003,
    0.45,
    0.5,
    0.4,
    0.4,
    0.35000000000000003,
    0.35000000000000003,
    0.35000000000000003
  ],
  "train_size": 1183,
  "val_size": 45,
  "test_size": 92,
  "num_labels": 16,
  "label_f1_scores": {
    "ask a genuine question": 0.28,
    "ask a rhetorical question": 0.34782608695652173,
    "provide a fact or claim": 0.896969696969697,
    "provide an observation": 0.0,
    "express their opinion": 0.7818181818181819,
    "express others opinions": 0.12121212121212122,
    "money aid allocation": 0.2962962962962963,
    "government critique": 0.42424242424242425,
    "societal critique": 0.24242424242424243,
    "solutions/interventions": 0.4827586206896552,
    "personal interaction": 0.0,
    "media portrayal": 0.47058823529411764,
    "not in my backyard": 0.0,
    "harmful generalization": 0.4827586206896552,
    "deserving/undeserving": 0.4117647058823529,
    "racist": 0.0
  },
  "label_precision_scores": {
    "ask a genuine question": 0.17073170731707318,
    "ask a rhetorical question": 0.26666666666666666,
    "provide a fact or claim": 0.961038961038961,
    "provide an observation": 0.0,
    "express their opinion": 0.7678571428571429,
    "express others opinions": 0.06779661016949153,
    "money aid allocation": 0.2,
    "government critique": 0.30434782608695654,
    "societal critique": 0.2,
    "solutions/interventions": 0.45161290322580644,
    "personal interaction": 0.0,
    "media portrayal": 0.3870967741935484,
    "not in my backyard": 0.0,
    "harmful generalization": 0.35,
    "deserving/undeserving": 0.3181818181818182,
    "racist": 0.0
  },
  "label_recall_scores": {
    "ask a genuine question": 0.7777777777777778,
    "ask a rhetorical question": 0.5,
    "provide a fact or claim": 0.8409090909090909,
    "provide an observation": 0.0,
    "express their opinion": 0.7962962962962963,
    "express others opinions": 0.5714285714285714,
    "money aid allocation": 0.5714285714285714,
    "government critique": 0.7,
    "societal critique": 0.3076923076923077,
    "solutions/interventions": 0.5185185185185185,
    "personal interaction": 0.0,
    "media portrayal": 0.6,
    "not in my backyard": 0.0,
    "harmful generalization": 0.7777777777777778,
    "deserving/undeserving": 0.5833333333333334,
    "racist": 0.0
  },
  "label_accuracy_scores": {
    "ask a genuine question": 0.6086956521739131,
    "ask a rhetorical question": 0.8369565217391305,
    "provide a fact or claim": 0.8152173913043478,
    "provide an observation": 0.9782608695652174,
    "express their opinion": 0.7391304347826086,
    "express others opinions": 0.3695652173913043,
    "money aid allocation": 0.5869565217391305,
    "government critique": 0.7934782608695652,
    "societal critique": 0.7282608695652174,
    "solutions/interventions": 0.6739130434782609,
    "personal interaction": 0.967391304347826,
    "media portrayal": 0.7065217391304348,
    "not in my backyard": 0.8586956521739131,
    "harmful generalization": 0.8369565217391305,
    "deserving/undeserving": 0.782608695652174,
    "racist": 0.8913043478260869
  },
  "label_support_pos": {
    "ask a genuine question": 9,
    "ask a rhetorical question": 8,
    "provide a fact or claim": 88,
    "provide an observation": 2,
    "express their opinion": 54,
    "express others opinions": 7,
    "money aid allocation": 14,
    "government critique": 10,
    "societal critique": 13,
    "solutions/interventions": 27,
    "personal interaction": 3,
    "media portrayal": 20,
    "not in my backyard": 10,
    "harmful generalization": 9,
    "deserving/undeserving": 12,
    "racist": 8
  },
  "label_support_neg": {
    "ask a genuine question": 83,
    "ask a rhetorical question": 84,
    "provide a fact or claim": 4,
    "provide an observation": 90,
    "express their opinion": 38,
    "express others opinions": 85,
    "money aid allocation": 78,
    "government critique": 82,
    "societal critique": 79,
    "solutions/interventions": 65,
    "personal interaction": 89,
    "media portrayal": 72,
    "not in my backyard": 82,
    "harmful generalization": 83,
    "deserving/undeserving": 80,
    "racist": 84
  },
  "label_roc_auc": {
    "ask a genuine question": 0.7777777777777777,
    "ask a rhetorical question": 0.8005952380952381,
    "provide a fact or claim": 0.6363636363636364,
    "provide an observation": 0.6055555555555556,
    "express their opinion": 0.8192007797270955,
    "express others opinions": 0.4453781512605042,
    "money aid allocation": 0.6968864468864469,
    "government critique": 0.801219512195122,
    "societal critique": 0.6251217137293087,
    "solutions/interventions": 0.6997150997150997,
    "personal interaction": 0.8352059925093633,
    "media portrayal": 0.8131944444444444,
    "not in my backyard": 0.5914634146341463,
    "harmful generalization": 0.8554216867469879,
    "deserving/undeserving": 0.6635416666666667,
    "racist": 0.5238095238095238
  },
  "label_average_precision": {
    "ask a genuine question": 0.26670042920042925,
    "ask a rhetorical question": 0.2523580586080586,
    "provide a fact or claim": 0.977600462515704,
    "provide an observation": 0.05028248587570622,
    "express their opinion": 0.8565361241774179,
    "express others opinions": 0.08517317649943984,
    "money aid allocation": 0.2834948234269309,
    "government critique": 0.29523085924037296,
    "societal critique": 0.27942367156125647,
    "solutions/interventions": 0.5957018586683946,
    "personal interaction": 0.46770025839793283,
    "media portrayal": 0.4963605818832509,
    "not in my backyard": 0.15131743412828547,
    "harmful generalization": 0.32566567562697596,
    "deserving/undeserving": 0.23528555973280388,
    "racist": 0.13614429049211657
  },
  "synthetic_counts_per_category": {
    "ask a genuine question": 67,
    "ask a rhetorical question": 68,
    "provide a fact or claim": 0,
    "provide an observation": 86,
    "express their opinion": 0,
    "express others opinions": 78,
    "money aid allocation": 39,
    "government critique": 46,
    "societal critique": 68,
    "solutions/interventions": 0,
    "personal interaction": 87,
    "media portrayal": 45,
    "not in my backyard": 66,
    "harmful generalization": 69,
    "deserving/undeserving": 63,
    "racist": 82
  },
  "total_synthetic_samples": 864
}