{
  "source": "x",
  "model": "bert-base-uncased-final",
  "use_smote": false,
  "macro_f1": 0.18069666684985436,
  "micro_f1": 0.26136363636363635,
  "subset_accuracy": 0.0,
  "hamming_loss": 0.529891304347826,
  "macro_precision": 0.1560265848475347,
  "macro_recall": 0.49801361832611835,
  "micro_precision": 0.18110236220472442,
  "micro_recall": 0.46938775510204084,
  "best_thresholds": [
    0.35000000000000003,
    0.4,
    0.6000000000000001,
    0.5,
    0.5,
    0.30000000000000004,
    0.4,
    0.4,
    0.30000000000000004,
    0.45,
    0.5,
    0.5,
    0.30000000000000004,
    0.30000000000000004,
    0.4,
    0.35000000000000003
  ],
  "train_size": 319,
  "val_size": 45,
  "test_size": 92,
  "num_labels": 16,
  "label_f1_scores": {
    "ask a genuine question": 0.1875,
    "ask a rhetorical question": 0.0,
    "provide a fact or claim": 0.6911764705882353,
    "provide an observation": 0.0,
    "express their opinion": 0.0,
    "express others opinions": 0.12244897959183673,
    "money aid allocation": 0.3902439024390244,
    "government critique": 0.20202020202020202,
    "societal critique": 0.24761904761904763,
    "solutions/interventions": 0.46153846153846156,
    "personal interaction": 0.0,
    "media portrayal": 0.0,
    "not in my backyard": 0.06779661016949153,
    "harmful generalization": 0.17391304347826086,
    "deserving/undeserving": 0.21052631578947367,
    "racist": 0.13636363636363635
  },
  "label_precision_scores": {
    "ask a genuine question": 0.10344827586206896,
    "ask a rhetorical question": 0.0,
    "provide a fact or claim": 0.9791666666666666,
    "provide an observation": 0.0,
    "express their opinion": 0.0,
    "express others opinions": 0.06593406593406594,
    "money aid allocation": 0.2962962962962963,
    "government critique": 0.11235955056179775,
    "societal critique": 0.14130434782608695,
    "solutions/interventions": 0.3,
    "personal interaction": 0.0,
    "media portrayal": 0.0,
    "not in my backyard": 0.04081632653061224,
    "harmful generalization": 0.0963855421686747,
    "deserving/undeserving": 0.2857142857142857,
    "racist": 0.075
  },
  "label_recall_scores": {
    "ask a genuine question": 1.0,
    "ask a rhetorical question": 0.0,
    "provide a fact or claim": 0.5340909090909091,
    "provide an observation": 0.0,
    "express their opinion": 0.0,
    "express others opinions": 0.8571428571428571,
    "money aid allocation": 0.5714285714285714,
    "government critique": 1.0,
    "societal critique": 1.0,
    "solutions/interventions": 1.0,
    "personal interaction": 0.0,
    "media portrayal": 0.0,
    "not in my backyard": 0.2,
    "harmful generalization": 0.8888888888888888,
    "deserving/undeserving": 0.16666666666666666,
    "racist": 0.75
  },
  "label_accuracy_scores": {
    "ask a genuine question": 0.15217391304347827,
    "ask a rhetorical question": 0.7065217391304348,
    "provide a fact or claim": 0.5434782608695652,
    "provide an observation": 0.9782608695652174,
    "express their opinion": 0.41304347826086957,
    "express others opinions": 0.06521739130434782,
    "money aid allocation": 0.7282608695652174,
    "government critique": 0.14130434782608695,
    "societal critique": 0.14130434782608695,
    "solutions/interventions": 0.31521739130434784,
    "personal interaction": 0.967391304347826,
    "media portrayal": 0.782608695652174,
    "not in my backyard": 0.40217391304347827,
    "harmful generalization": 0.17391304347826086,
    "deserving/undeserving": 0.8369565217391305,
    "racist": 0.17391304347826086
  },
  "label_support_pos": {
    "ask a genuine question": 9,
    "ask a rhetorical question": 8,
    "provide a fact or claim": 88,
    "provide an observation": 2,
    "express their opinion": 54,
    "express others opinions": 7,
    "money aid allocation": 14,
    "government critique": 10,
    "societal critique": 13,
    "solutions/interventions": 27,
    "personal interaction": 3,
    "media portrayal": 20,
    "not in my backyard": 10,
    "harmful generalization": 9,
    "deserving/undeserving": 12,
    "racist": 8
  },
  "label_support_neg": {
    "ask a genuine question": 83,
    "ask a rhetorical question": 84,
    "provide a fact or claim": 4,
    "provide an observation": 90,
    "express their opinion": 38,
    "express others opinions": 85,
    "money aid allocation": 78,
    "government critique": 82,
    "societal critique": 79,
    "solutions/interventions": 65,
    "personal interaction": 89,
    "media portrayal": 72,
    "not in my backyard": 82,
    "harmful generalization": 83,
    "deserving/undeserving": 80,
    "racist": 84
  },
  "label_roc_auc": {
    "ask a genuine question": 0.7429718875502007,
    "ask a rhetorical question": 0.26785714285714285,
    "provide a fact or claim": 0.5965909090909091,
    "provide an observation": 0.26666666666666666,
    "express their opinion": 0.5501949317738791,
    "express others opinions": 0.3915966386554621,
    "money aid allocation": 0.7481684981684982,
    "government critique": 0.41341463414634144,
    "societal critique": 0.631937682570594,
    "solutions/interventions": 0.5521367521367521,
    "personal interaction": 0.9176029962546817,
    "media portrayal": 0.5791666666666666,
    "not in my backyard": 0.35121951219512193,
    "harmful generalization": 0.3908969210174029,
    "deserving/undeserving": 0.49999999999999994,
    "racist": 0.31845238095238093
  },
  "label_average_precision": {
    "ask a genuine question": 0.31409776998012295,
    "ask a rhetorical question": 0.06371324584169762,
    "provide a fact or claim": 0.9725807591671946,
    "provide an observation": 0.02210552027357108,
    "express their opinion": 0.6295313806624552,
    "express others opinions": 0.06943927202769563,
    "money aid allocation": 0.36570526946973747,
    "government critique": 0.11345659473046846,
    "societal critique": 0.20202014973897126,
    "solutions/interventions": 0.32517094306536826,
    "personal interaction": 0.26190476190476186,
    "media portrayal": 0.25301388930641117,
    "not in my backyard": 0.08717866530337975,
    "harmful generalization": 0.08478447045698509,
    "deserving/undeserving": 0.1688964108132051,
    "racist": 0.06779718269693608
  },
  "synthetic_counts_per_category": null,
  "total_synthetic_samples": null
}