{
  "macro_f1": 0.19976234971412615,
  "micro_f1": 0.4877540385617509,
  "macro_kappa": 0.035030020289225305,
  "per_category_f1": {
    "ask a genuine question": 0.0,
    "ask a rhetorical question": 0.0,
    "provide a fact or claim": 0.965675057208238,
    "provide an observation": 0.0,
    "express their opinion": 0.7315634218289085,
    "express others opinions": 0.10084033613445378,
    "money aid allocation": 0.07407407407407407,
    "government critique": 0.234375,
    "societal critique": 0.3262411347517731,
    "solutions/interventions": 0.5714285714285714,
    "personal interaction": 0.0,
    "media portrayal": 0.0,
    "not in my backyard": 0.0,
    "harmful generalization": 0.192,
    "deserving/undeserving": 0.0,
    "racist": 0.0
  },
  "per_category_precision": {
    "ask a genuine question": 0.0,
    "ask a rhetorical question": 0.0,
    "provide a fact or claim": 0.9336283185840708,
    "provide an observation": 0.0,
    "express their opinion": 0.5933014354066986,
    "express others opinions": 0.05309734513274336,
    "money aid allocation": 0.125,
    "government critique": 0.13274336283185842,
    "societal critique": 0.2,
    "solutions/interventions": 0.5753424657534246,
    "personal interaction": 0.0,
    "media portrayal": 0.0,
    "not in my backyard": 0.0,
    "harmful generalization": 0.10619469026548672,
    "deserving/undeserving": 0.0,
    "racist": 0.0
  },
  "per_category_recall": {
    "ask a genuine question": 0.0,
    "ask a rhetorical question": 0.0,
    "provide a fact or claim": 1.0,
    "provide an observation": 0.0,
    "express their opinion": 0.9538461538461539,
    "express others opinions": 1.0,
    "money aid allocation": 0.05263157894736842,
    "government critique": 1.0,
    "societal critique": 0.8846153846153846,
    "solutions/interventions": 0.5675675675675675,
    "personal interaction": 0.0,
    "media portrayal": 0.0,
    "not in my backyard": 0.0,
    "harmful generalization": 1.0,
    "deserving/undeserving": 0.0,
    "racist": 0.0
  },
  "per_category_accuracy": {
    "ask a genuine question": 0.9690265486725663,
    "ask a rhetorical question": 0.9070796460176991,
    "provide a fact or claim": 0.9336283185840708,
    "provide an observation": 0.9734513274336283,
    "express their opinion": 0.5973451327433629,
    "express others opinions": 0.05309734513274336,
    "money aid allocation": 0.7787610619469026,
    "government critique": 0.13274336283185842,
    "societal critique": 0.5796460176991151,
    "solutions/interventions": 0.7212389380530974,
    "personal interaction": 0.9734513274336283,
    "media portrayal": 0.9867256637168141,
    "not in my backyard": 0.9690265486725663,
    "harmful generalization": 0.10619469026548672,
    "deserving/undeserving": 0.9778761061946902,
    "racist": 0.9911504424778761
  },
  "per_category_kappa": {
    "ask a genuine question": 0.0,
    "ask a rhetorical question": -0.023285899094437346,
    "provide a fact or claim": 0.0,
    "provide an observation": 0.0,
    "express their opinion": 0.07668133249528608,
    "express others opinions": 0.0,
    "money aid allocation": -0.028394612304331934,
    "government critique": 0.0,
    "societal critique": 0.17059414355249947,
    "solutions/interventions": 0.3648853599785886,
    "personal interaction": 0.0,
    "media portrayal": 0.0,
    "not in my backyard": 0.0,
    "harmful generalization": 0.0,
    "deserving/undeserving": 0.0,
    "racist": 0.0
  },
  "thresholds": [
    0.5,
    0.4000000059604645,
    0.10000000149011612,
    0.5,
    0.6000000238418579,
    0.10000000149011612,
    0.4000000059604645,
    0.10000000149011612,
    0.5,
    0.4000000059604645,
    0.5,
    0.5,
    0.5,
    0.10000000149011612,
    0.5,
    0.5
  ],
  "training_config": {
    "model": "qwen",
    "source": "x",
    "use_lora": true,
    "lora_rank": 16,
    "lora_alpha": 32,
    "lora_dropout": 0.25,
    "lora_target_modules": "all",
    "epochs": 3,
    "batch_size": 8,
    "learning_rate": 3e-06,
    "max_length": 128,
    "eval_threshold": "val_opt",
    "fixed_threshold": 0.5
  },
  "val_metrics": {
    "epoch": 2,
    "val_loss": 0.11761892484179859,
    "macro_f1": 0.20780451585046866,
    "micro_f1": 0.5967741935483871,
    "macro_kappa": 0.004083953680727871,
    "per_label_f1": {
      "ask a genuine question": 0.0,
      "ask a rhetorical question": 0.18181818181818182,
      "provide a fact or claim": 0.9750566893424036,
      "provide an observation": 0.0,
      "express their opinion": 0.6764705882352942,
      "express others opinions": 0.1087866108786611,
      "money aid allocation": 0.2857142857142857,
      "government critique": 0.2681992337164751,
      "societal critique": 0.18032786885245902,
      "solutions/interventions": 0.5240174672489083,
      "personal interaction": 0.0,
      "media portrayal": 0.0,
      "not in my backyard": 0.0,
      "harmful generalization": 0.12448132780082988,
      "deserving/undeserving": 0.0,
      "racist": 0.0
    },
    "per_label_kappa": {
      "ask a genuine question": 0.0,
      "ask a rhetorical question": 0.0,
      "provide a fact or claim": 0.0,
      "provide an observation": 0.0,
      "express their opinion": 0.0,
      "express others opinions": 0.0,
      "money aid allocation": 0.0,
      "government critique": 0.0,
      "societal critique": 0.06534325889164594,
      "solutions/interventions": 0.0,
      "personal interaction": 0.0,
      "media portrayal": 0.0,
      "not in my backyard": 0.0,
      "harmful generalization": 0.0,
      "deserving/undeserving": 0.0,
      "racist": 0.0
    }
  },
  "val_history": [
    {
      "epoch": 1,
      "train_loss": 0.1585418377774504,
      "train_macro_f1": 0.3873341841686685,
      "train_micro_f1": 0.5121234105922334,
      "val_loss": 0.1379482705017616,
      "val_macro_f1": 0.20421657340767663,
      "val_micro_f1": 0.5969615728328865,
      "val_macro_kappa": 0.004483645832784704
    },
    {
      "epoch": 2,
      "train_loss": 0.13222450871934305,
      "train_macro_f1": 0.3880898270335683,
      "train_micro_f1": 0.5357969576719577,
      "val_loss": 0.11761892484179859,
      "val_macro_f1": 0.20780451585046866,
      "val_micro_f1": 0.5967741935483871,
      "val_macro_kappa": 0.004083953680727871
    },
    {
      "epoch": 3,
      "train_loss": 0.12404207031260121,
      "train_macro_f1": 0.392414980171994,
      "train_micro_f1": 0.5377631035905902,
      "val_loss": 0.114341349437319,
      "val_macro_f1": 0.2065637038821172,
      "val_micro_f1": 0.5955555555555555,
      "val_macro_kappa": 0.0052939134459615775
    }
  ]
}