{
  "macro_f1": 0.3387941299868489,
  "micro_f1": 0.6439499304589708,
  "macro_kappa": 0.21144622603739108,
  "per_category_f1": {
    "ask a genuine question": 0.0,
    "ask a rhetorical question": 0.5283018867924528,
    "provide a fact or claim": 0.965675057208238,
    "provide an observation": 0.1038961038961039,
    "express their opinion": 0.8221343873517787,
    "express others opinions": 0.15151515151515152,
    "money aid allocation": 0.5714285714285714,
    "government critique": 0.4230769230769231,
    "societal critique": 0.3076923076923077,
    "solutions/interventions": 0.6530612244897959,
    "personal interaction": 0.17142857142857143,
    "media portrayal": 0.0,
    "not in my backyard": 0.0,
    "harmful generalization": 0.4367816091954023,
    "deserving/undeserving": 0.2857142857142857,
    "racist": 0.0
  },
  "per_category_precision": {
    "ask a genuine question": 0.0,
    "ask a rhetorical question": 0.4,
    "provide a fact or claim": 0.9336283185840708,
    "provide an observation": 0.056338028169014086,
    "express their opinion": 0.8455284552845529,
    "express others opinions": 0.09259259259259259,
    "money aid allocation": 0.49056603773584906,
    "government critique": 0.5,
    "societal critique": 0.20512820512820512,
    "solutions/interventions": 0.6575342465753424,
    "personal interaction": 0.10344827586206896,
    "media portrayal": 0.0,
    "not in my backyard": 0.0,
    "harmful generalization": 0.30158730158730157,
    "deserving/undeserving": 0.2222222222222222,
    "racist": 0.0
  },
  "per_category_recall": {
    "ask a genuine question": 0.0,
    "ask a rhetorical question": 0.7777777777777778,
    "provide a fact or claim": 1.0,
    "provide an observation": 0.6666666666666666,
    "express their opinion": 0.8,
    "express others opinions": 0.4166666666666667,
    "money aid allocation": 0.6842105263157895,
    "government critique": 0.36666666666666664,
    "societal critique": 0.6153846153846154,
    "solutions/interventions": 0.6486486486486487,
    "personal interaction": 0.5,
    "media portrayal": 0.0,
    "not in my backyard": 0.0,
    "harmful generalization": 0.7916666666666666,
    "deserving/undeserving": 0.4,
    "racist": 0.0
  },
  "per_category_accuracy": {
    "ask a genuine question": 0.9690265486725663,
    "ask a rhetorical question": 0.8893805309734514,
    "provide a fact or claim": 0.9336283185840708,
    "provide an observation": 0.6946902654867256,
    "express their opinion": 0.8008849557522124,
    "express others opinions": 0.7522123893805309,
    "money aid allocation": 0.827433628318584,
    "government critique": 0.8672566371681416,
    "societal critique": 0.6814159292035398,
    "solutions/interventions": 0.7743362831858407,
    "personal interaction": 0.8716814159292036,
    "media portrayal": 0.9734513274336283,
    "not in my backyard": 0.9690265486725663,
    "harmful generalization": 0.7831858407079646,
    "deserving/undeserving": 0.9557522123893806,
    "racist": 0.9911504424778761
  },
  "per_category_kappa": {
    "ask a genuine question": 0.0,
    "ask a rhetorical question": 0.4728494122037693,
    "provide a fact or claim": 0.0,
    "provide an observation": 0.057764350453172186,
    "express their opinion": 0.5963965394078895,
    "express others opinions": 0.07077826725403824,
    "money aid allocation": 0.4670455919700085,
    "government critique": 0.3500766871165645,
    "societal critique": 0.16330728095433988,
    "solutions/interventions": 0.4858595771255242,
    "personal interaction": 0.13329806929383758,
    "media portrayal": -0.013452914798206317,
    "not in my backyard": 0.0,
    "harmful generalization": 0.3344151941339103,
    "deserving/undeserving": 0.26480156148340916,
    "racist": 0.0
  },
  "thresholds": [
    0.5,
    0.3499999940395355,
    0.10000000149011612,
    0.5,
    0.6499999761581421,
    0.3499999940395355,
    0.4000000059604645,
    0.550000011920929,
    0.5,
    0.5,
    0.5,
    0.5,
    0.5,
    0.5,
    0.5,
    0.5
  ],
  "training_config": {
    "model": "modernbert-base",
    "source": "x",
    "use_lora": false,
    "lora_rank": null,
    "lora_alpha": null,
    "lora_dropout": null,
    "lora_target_modules": null,
    "epochs": 3,
    "batch_size": 16,
    "learning_rate": 6e-06,
    "max_length": 128,
    "eval_threshold": "val_opt",
    "fixed_threshold": 0.5
  },
  "val_metrics": {
    "epoch": 3,
    "val_loss": 0.08603955035408338,
    "macro_f1": 0.3367546732486794,
    "micro_f1": 0.5967741935483871,
    "macro_kappa": 0.19607120753813329,
    "per_label_f1": {
      "ask a genuine question": 0.0,
      "ask a rhetorical question": 0.4745762711864407,
      "provide a fact or claim": 0.9750566893424036,
      "provide an observation": 0.12345679012345678,
      "express their opinion": 0.7792207792207793,
      "express others opinions": 0.2028985507246377,
      "money aid allocation": 0.691358024691358,
      "government critique": 0.4642857142857143,
      "societal critique": 0.225,
      "solutions/interventions": 0.7323943661971831,
      "personal interaction": 0.3448275862068966,
      "media portrayal": 0.0,
      "not in my backyard": 0.0,
      "harmful generalization": 0.375,
      "deserving/undeserving": 0.0,
      "racist": 0.0
    },
    "per_label_kappa": {
      "ask a genuine question": 0.0,
      "ask a rhetorical question": 0.3281807372175982,
      "provide a fact or claim": 0.10095688635630595,
      "provide an observation": 0.08548957027242676,
      "express their opinion": 0.3964135826020603,
      "express others opinions": -0.015578190533253489,
      "money aid allocation": 0.5766411467665744,
      "government critique": 0.3483661097146237,
      "societal critique": 0.125998003992016,
      "solutions/interventions": 0.6098491731782665,
      "personal interaction": 0.31992397846056386,
      "media portrayal": -0.015404364569961526,
      "not in my backyard": 0.0,
      "harmful generalization": 0.3042942896721563,
      "deserving/undeserving": -0.027991602519244374,
      "racist": 0.0
    }
  },
  "val_history": [
    {
      "epoch": 1,
      "train_loss": 0.11440115035423692,
      "train_macro_f1": 0.41299628475197686,
      "train_micro_f1": 0.5861262077294686,
      "val_loss": 0.08821347206830979,
      "val_macro_f1": 0.30549606557225784,
      "val_micro_f1": 0.603225806451613,
      "val_macro_kappa": 0.13652071000324253
    },
    {
      "epoch": 2,
      "train_loss": 0.0933160994834495,
      "train_macro_f1": 0.5100060544474925,
      "train_micro_f1": 0.6905608140970482,
      "val_loss": 0.08368424400687217,
      "val_macro_f1": 0.32954431990921373,
      "val_micro_f1": 0.5902720527617478,
      "val_macro_kappa": 0.1699471260131138
    },
    {
      "epoch": 3,
      "train_loss": 0.08551127576040772,
      "train_macro_f1": 0.5527399458745966,
      "train_micro_f1": 0.7213779876069637,
      "val_loss": 0.08603955035408338,
      "val_macro_f1": 0.3367546732486794,
      "val_micro_f1": 0.5967741935483871,
      "val_macro_kappa": 0.19607120753813329
    }
  ]
}