{
  "macro_f1": 0.18013883112259835,
  "micro_f1": 0.2390524048815506,
  "per_category_f1": {
    "ask a genuine question": 0.06167400881057269,
    "ask a rhetorical question": 0.15053763440860216,
    "provide a fact or claim": 0.34375,
    "provide an observation": 0.05714285714285714,
    "express their opinion": 0.7163323782234957,
    "express others opinions": 0.0,
    "money aid allocation": 0.17647058823529413,
    "government critique": 0.2542372881355932,
    "societal critique": 0.20600858369098712,
    "solutions/interventions": 0.463768115942029,
    "personal interaction": 0.0963855421686747,
    "media portrayal": 0.0,
    "not in my backyard": 0.031496062992125984,
    "harmful generalization": 0.25925925925925924,
    "deserving/undeserving": 0.045454545454545456,
    "racist": 0.019704433497536946
  },
  "per_category_precision": {
    "ask a genuine question": 0.031818181818181815,
    "ask a rhetorical question": 0.08333333333333333,
    "provide a fact or claim": 0.9777777777777777,
    "provide an observation": 0.029411764705882353,
    "express their opinion": 0.5707762557077626,
    "express others opinions": 0.0,
    "money aid allocation": 0.11363636363636363,
    "government critique": 0.17045454545454544,
    "societal critique": 0.11594202898550725,
    "solutions/interventions": 0.31683168316831684,
    "personal interaction": 0.05194805194805195,
    "media portrayal": 0.0,
    "not in my backyard": 0.016666666666666666,
    "harmful generalization": 0.23333333333333334,
    "deserving/undeserving": 0.023391812865497075,
    "racist": 0.009950248756218905
  },
  "per_category_recall": {
    "ask a genuine question": 1.0,
    "ask a rhetorical question": 0.7777777777777778,
    "provide a fact or claim": 0.20853080568720378,
    "provide an observation": 1.0,
    "express their opinion": 0.9615384615384616,
    "express others opinions": 0.0,
    "money aid allocation": 0.39473684210526316,
    "government critique": 0.5,
    "societal critique": 0.9230769230769231,
    "solutions/interventions": 0.8648648648648649,
    "personal interaction": 0.6666666666666666,
    "media portrayal": 0.0,
    "not in my backyard": 0.2857142857142857,
    "harmful generalization": 0.2916666666666667,
    "deserving/undeserving": 0.8,
    "racist": 1.0
  },
  "training_config": {
    "model": "qwen",
    "source": "x",
    "use_lora": true,
    "lora_rank": 16,
    "lora_alpha": 32,
    "lora_dropout": 0.1,
    "lora_target_modules": "all",
    "epochs": 5,
    "batch_size": 8,
    "learning_rate": 1e-05,
    "max_length": 128
  }
}