{
  "macro_f1": 0.20989561144764138,
  "micro_f1": 0.42764906950246867,
  "macro_kappa": 0.0,
  "per_category_f1": {
    "ask a genuine question": 0.0,
    "ask a rhetorical question": 0.14754098360655737,
    "provide a fact or claim": 0.965675057208238,
    "provide an observation": 0.0,
    "express their opinion": 0.7303370786516854,
    "express others opinions": 0.10084033613445378,
    "money aid allocation": 0.2878787878787879,
    "government critique": 0.234375,
    "societal critique": 0.20634920634920634,
    "solutions/interventions": 0.49333333333333335,
    "personal interaction": 0.0,
    "media portrayal": 0.0,
    "not in my backyard": 0.0,
    "harmful generalization": 0.192,
    "deserving/undeserving": 0.0,
    "racist": 0.0
  },
  "per_category_precision": {
    "ask a genuine question": 0.0,
    "ask a rhetorical question": 0.07964601769911504,
    "provide a fact or claim": 0.9336283185840708,
    "provide an observation": 0.0,
    "express their opinion": 0.5752212389380531,
    "express others opinions": 0.05309734513274336,
    "money aid allocation": 0.168141592920354,
    "government critique": 0.13274336283185842,
    "societal critique": 0.11504424778761062,
    "solutions/interventions": 0.3274336283185841,
    "personal interaction": 0.0,
    "media portrayal": 0.0,
    "not in my backyard": 0.0,
    "harmful generalization": 0.10619469026548672,
    "deserving/undeserving": 0.0,
    "racist": 0.0
  },
  "per_category_recall": {
    "ask a genuine question": 0.0,
    "ask a rhetorical question": 1.0,
    "provide a fact or claim": 1.0,
    "provide an observation": 0.0,
    "express their opinion": 1.0,
    "express others opinions": 1.0,
    "money aid allocation": 1.0,
    "government critique": 1.0,
    "societal critique": 1.0,
    "solutions/interventions": 1.0,
    "personal interaction": 0.0,
    "media portrayal": 0.0,
    "not in my backyard": 0.0,
    "harmful generalization": 1.0,
    "deserving/undeserving": 0.0,
    "racist": 0.0
  },
  "per_category_accuracy": {
    "ask a genuine question": 0.9690265486725663,
    "ask a rhetorical question": 0.07964601769911504,
    "provide a fact or claim": 0.9336283185840708,
    "provide an observation": 0.9734513274336283,
    "express their opinion": 0.5752212389380531,
    "express others opinions": 0.05309734513274336,
    "money aid allocation": 0.168141592920354,
    "government critique": 0.13274336283185842,
    "societal critique": 0.11504424778761062,
    "solutions/interventions": 0.3274336283185841,
    "personal interaction": 0.9734513274336283,
    "media portrayal": 0.9867256637168141,
    "not in my backyard": 0.9690265486725663,
    "harmful generalization": 0.10619469026548672,
    "deserving/undeserving": 0.9778761061946902,
    "racist": 0.9911504424778761
  },
  "per_category_kappa": {
    "ask a genuine question": 0.0,
    "ask a rhetorical question": 0.0,
    "provide a fact or claim": 0.0,
    "provide an observation": 0.0,
    "express their opinion": 0.0,
    "express others opinions": 0.0,
    "money aid allocation": 0.0,
    "government critique": 0.0,
    "societal critique": 0.0,
    "solutions/interventions": 0.0,
    "personal interaction": 0.0,
    "media portrayal": 0.0,
    "not in my backyard": 0.0,
    "harmful generalization": 0.0,
    "deserving/undeserving": 0.0,
    "racist": 0.0
  },
  "thresholds": [
    0.5,
    0.10000000149011612,
    0.10000000149011612,
    0.5,
    0.10000000149011612,
    0.10000000149011612,
    0.10000000149011612,
    0.10000000149011612,
    0.5,
    0.10000000149011612,
    0.5,
    0.5,
    0.5,
    0.10000000149011612,
    0.5,
    0.5
  ],
  "training_config": {
    "model": "llama",
    "source": "x",
    "use_lora": true,
    "lora_rank": 16,
    "lora_alpha": 32,
    "lora_dropout": 0.25,
    "lora_target_modules": "all",
    "epochs": 3,
    "batch_size": 8,
    "learning_rate": 3e-06,
    "max_length": 128,
    "eval_threshold": "val_opt",
    "fixed_threshold": 0.5
  },
  "val_metrics": {
    "epoch": 1,
    "val_loss": 0.15351753142373314,
    "macro_f1": 0.2005264505016961,
    "micro_f1": 0.6010830324909747,
    "macro_kappa": 0.005071150786636024,
    "per_label_f1": {
      "ask a genuine question": 0.0,
      "ask a rhetorical question": 0.15510204081632653,
      "provide a fact or claim": 0.9750566893424036,
      "provide an observation": 0.0,
      "express their opinion": 0.6426426426426426,
      "express others opinions": 0.1087866108786611,
      "money aid allocation": 0.2681992337164751,
      "government critique": 0.2681992337164751,
      "societal critique": 0.19298245614035087,
      "solutions/interventions": 0.47297297297297297,
      "personal interaction": 0.0,
      "media portrayal": 0.0,
      "not in my backyard": 0.0,
      "harmful generalization": 0.12448132780082988,
      "deserving/undeserving": 0.0,
      "racist": 0.0
    },
    "per_label_kappa": {
      "ask a genuine question": 0.0,
      "ask a rhetorical question": 0.0,
      "provide a fact or claim": 0.0,
      "provide an observation": 0.0,
      "express their opinion": 0.0,
      "express others opinions": 0.0,
      "money aid allocation": 0.0,
      "government critique": 0.0,
      "societal critique": 0.08113841258617638,
      "solutions/interventions": 0.0,
      "personal interaction": 0.0,
      "media portrayal": 0.0,
      "not in my backyard": 0.0,
      "harmful generalization": 0.0,
      "deserving/undeserving": 0.0,
      "racist": 0.0
    }
  },
  "val_history": [
    {
      "epoch": 1,
      "train_loss": 0.1658568087402942,
      "train_macro_f1": 0.3876796187119769,
      "train_micro_f1": 0.5136432743858526,
      "val_loss": 0.15351753142373314,
      "val_macro_f1": 0.2005264505016961,
      "val_micro_f1": 0.6010830324909747,
      "val_macro_kappa": 0.005071150786636024
    },
    {
      "epoch": 2,
      "train_loss": 0.14810593029097566,
      "train_macro_f1": 0.38686130879558883,
      "train_micro_f1": 0.5361386944489663,
      "val_loss": 0.13820890825370263,
      "val_macro_f1": 0.196903865558325,
      "val_micro_f1": 0.5491470349309504,
      "val_macro_kappa": 0.00021510002150999796
    },
    {
      "epoch": 3,
      "train_loss": 0.140778886576025,
      "train_macro_f1": 0.386529096400682,
      "train_micro_f1": 0.5393276371476483,
      "val_loss": 0.13478231275903768,
      "val_macro_f1": 0.19672950980284154,
      "val_micro_f1": 0.5469255663430421,
      "val_macro_kappa": 0.0
    }
  ]
}