{
  "macro_f1": 0.15575002559076462,
  "micro_f1": 0.19153146022952117,
  "per_category_f1": {
    "ask a genuine question": 0.06818181818181818,
    "ask a rhetorical question": 0.11428571428571428,
    "provide a fact or claim": 0.09865470852017937,
    "provide an observation": 0.0670391061452514,
    "express their opinion": 0.6222222222222222,
    "express others opinions": 0.10619469026548672,
    "money aid allocation": 0.3076923076923077,
    "government critique": 0.2304147465437788,
    "societal critique": 0.1927710843373494,
    "solutions/interventions": 0.24324324324324326,
    "personal interaction": 0.04608294930875576,
    "media portrayal": 0.021505376344086023,
    "not in my backyard": 0.15625,
    "harmful generalization": 0.1927710843373494,
    "deserving/undeserving": 0.0,
    "racist": 0.024691358024691357
  },
  "per_category_precision": {
    "ask a genuine question": 0.037037037037037035,
    "ask a rhetorical question": 0.07692307692307693,
    "provide a fact or claim": 0.9166666666666666,
    "provide an observation": 0.03468208092485549,
    "express their opinion": 0.6,
    "express others opinions": 0.056074766355140186,
    "money aid allocation": 0.18579234972677597,
    "government critique": 0.13368983957219252,
    "societal critique": 0.14035087719298245,
    "solutions/interventions": 0.24324324324324326,
    "personal interaction": 0.023696682464454975,
    "media portrayal": 0.01092896174863388,
    "not in my backyard": 0.08771929824561403,
    "harmful generalization": 0.10666666666666667,
    "deserving/undeserving": 0.0,
    "racist": 0.012658227848101266
  },
  "per_category_recall": {
    "ask a genuine question": 0.42857142857142855,
    "ask a rhetorical question": 0.2222222222222222,
    "provide a fact or claim": 0.052132701421800945,
    "provide an observation": 1.0,
    "express their opinion": 0.6461538461538462,
    "express others opinions": 1.0,
    "money aid allocation": 0.8947368421052632,
    "government critique": 0.8333333333333334,
    "societal critique": 0.3076923076923077,
    "solutions/interventions": 0.24324324324324326,
    "personal interaction": 0.8333333333333334,
    "media portrayal": 0.6666666666666666,
    "not in my backyard": 0.7142857142857143,
    "harmful generalization": 1.0,
    "deserving/undeserving": 0.0,
    "racist": 0.5
  },
  "training_config": {
    "model": "llama",
    "source": "x",
    "use_lora": true,
    "lora_rank": 16,
    "lora_alpha": 32,
    "lora_dropout": 0.1,
    "lora_target_modules": "all",
    "epochs": 5,
    "batch_size": 8,
    "learning_rate": 1e-05,
    "max_length": 128
  }
}