{
  "macro_f1": 0.356741668103908,
  "micro_f1": 0.6533973919011667,
  "macro_kappa": 0.23479544469477848,
  "per_category_f1": {
    "ask a genuine question": 0.0,
    "ask a rhetorical question": 0.5,
    "provide a fact or claim": 0.965675057208238,
    "provide an observation": 0.1111111111111111,
    "express their opinion": 0.7886178861788617,
    "express others opinions": 0.15037593984962405,
    "money aid allocation": 0.6923076923076923,
    "government critique": 0.5901639344262295,
    "societal critique": 0.3617021276595745,
    "solutions/interventions": 0.6946107784431138,
    "personal interaction": 0.3448275862068966,
    "media portrayal": 0.0,
    "not in my backyard": 0.0,
    "harmful generalization": 0.5084745762711864,
    "deserving/undeserving": 0.0,
    "racist": 0.0
  },
  "per_category_precision": {
    "ask a genuine question": 0.0,
    "ask a rhetorical question": 0.3684210526315789,
    "provide a fact or claim": 0.9336283185840708,
    "provide an observation": 0.06060606060606061,
    "express their opinion": 0.8362068965517241,
    "express others opinions": 0.08264462809917356,
    "money aid allocation": 0.675,
    "government critique": 0.5806451612903226,
    "societal critique": 0.25,
    "solutions/interventions": 0.6236559139784946,
    "personal interaction": 0.21739130434782608,
    "media portrayal": 0.0,
    "not in my backyard": 0.0,
    "harmful generalization": 0.42857142857142855,
    "deserving/undeserving": 0.0,
    "racist": 0.0
  },
  "per_category_recall": {
    "ask a genuine question": 0.0,
    "ask a rhetorical question": 0.7777777777777778,
    "provide a fact or claim": 1.0,
    "provide an observation": 0.6666666666666666,
    "express their opinion": 0.7461538461538462,
    "express others opinions": 0.8333333333333334,
    "money aid allocation": 0.7105263157894737,
    "government critique": 0.6,
    "societal critique": 0.6538461538461539,
    "solutions/interventions": 0.7837837837837838,
    "personal interaction": 0.8333333333333334,
    "media portrayal": 0.0,
    "not in my backyard": 0.0,
    "harmful generalization": 0.625,
    "deserving/undeserving": 0.0,
    "racist": 0.0
  },
  "per_category_accuracy": {
    "ask a genuine question": 0.9690265486725663,
    "ask a rhetorical question": 0.8761061946902655,
    "provide a fact or claim": 0.9336283185840708,
    "provide an observation": 0.7168141592920354,
    "express their opinion": 0.7699115044247787,
    "express others opinions": 0.5,
    "money aid allocation": 0.8938053097345132,
    "government critique": 0.8893805309734514,
    "societal critique": 0.7345132743362832,
    "solutions/interventions": 0.7743362831858407,
    "personal interaction": 0.915929203539823,
    "media portrayal": 0.9867256637168141,
    "not in my backyard": 0.9690265486725663,
    "harmful generalization": 0.8716814159292036,
    "deserving/undeserving": 0.9734513274336283,
    "racist": 0.9911504424778761
  },
  "per_category_kappa": {
    "ask a genuine question": 0.0,
    "ask a rhetorical question": 0.4394046775336641,
    "provide a fact or claim": 0.0,
    "provide an observation": 0.06563307493540049,
    "express their opinion": 0.5379776694448812,
    "express others opinions": 0.05951241069455704,
    "money aid allocation": 0.6281875514121196,
    "government critique": 0.5262451786013751,
    "societal critique": 0.23424440930652812,
    "solutions/interventions": 0.5193093669196763,
    "personal interaction": 0.3160242115323352,
    "media portrayal": 0.0,
    "not in my backyard": 0.0,
    "harmful generalization": 0.43761798524111895,
    "deserving/undeserving": -0.007429420505200568,
    "racist": 0.0
  },
  "thresholds": [
    0.5,
    0.3499999940395355,
    0.30000001192092896,
    0.5,
    0.6000000238418579,
    0.30000001192092896,
    0.4000000059604645,
    0.550000011920929,
    0.5,
    0.44999998807907104,
    0.5,
    0.5,
    0.5,
    0.550000011920929,
    0.5,
    0.5
  ],
  "training_config": {
    "model": "roberta-base",
    "source": "x",
    "use_lora": false,
    "lora_rank": null,
    "lora_alpha": null,
    "lora_dropout": null,
    "lora_target_modules": null,
    "epochs": 3,
    "batch_size": 16,
    "learning_rate": 6e-06,
    "max_length": 128,
    "eval_threshold": "val_opt",
    "fixed_threshold": 0.5
  },
  "val_metrics": {
    "epoch": 3,
    "val_loss": 0.08175249397754669,
    "macro_f1": 0.3524413151928672,
    "micro_f1": 0.6442622950819672,
    "macro_kappa": 0.2101985741582057,
    "per_label_f1": {
      "ask a genuine question": 0.0,
      "ask a rhetorical question": 0.4745762711864407,
      "provide a fact or claim": 0.9772727272727273,
      "provide an observation": 0.14285714285714285,
      "express their opinion": 0.8035714285714286,
      "express others opinions": 0.16260162601626016,
      "money aid allocation": 0.7529411764705882,
      "government critique": 0.6567164179104478,
      "societal critique": 0.273972602739726,
      "solutions/interventions": 0.7105263157894737,
      "personal interaction": 0.27586206896551724,
      "media portrayal": 0.0,
      "not in my backyard": 0.0,
      "harmful generalization": 0.40816326530612246,
      "deserving/undeserving": 0.0,
      "racist": 0.0
    },
    "per_label_kappa": {
      "ask a genuine question": 0.0,
      "ask a rhetorical question": 0.17730192719486093,
      "provide a fact or claim": 0.15961988706789698,
      "provide an observation": 0.10613052076466711,
      "express their opinion": 0.5140158205974963,
      "express others opinions": 0.0,
      "money aid allocation": 0.5656025405315059,
      "government critique": 0.5468123357765178,
      "societal critique": 0.18372631865885236,
      "solutions/interventions": 0.5773966979841285,
      "personal interaction": 0.24833702882483366,
      "media portrayal": 0.0,
      "not in my backyard": 0.0,
      "harmful generalization": 0.3042942896721563,
      "deserving/undeserving": -0.020060180541624728,
      "racist": 0.0
    }
  },
  "val_history": [
    {
      "epoch": 1,
      "train_loss": 0.12088144071540742,
      "train_macro_f1": 0.4020375298797954,
      "train_micro_f1": 0.5562040639861652,
      "val_loss": 0.08192898829778035,
      "val_macro_f1": 0.32279067735011413,
      "val_micro_f1": 0.6443298969072165,
      "val_macro_kappa": 0.17309497712945926
    },
    {
      "epoch": 2,
      "train_loss": 0.0935449537662965,
      "train_macro_f1": 0.5085718233844752,
      "train_micro_f1": 0.7078201624677124,
      "val_loss": 0.08054892420768738,
      "val_macro_f1": 0.3435917519749363,
      "val_micro_f1": 0.6483790523690773,
      "val_macro_kappa": 0.1996099410348031
    },
    {
      "epoch": 3,
      "train_loss": 0.08700227860431627,
      "train_macro_f1": 0.552127969645761,
      "train_micro_f1": 0.7348136046338928,
      "val_loss": 0.08175249397754669,
      "val_macro_f1": 0.3524413151928672,
      "val_micro_f1": 0.6442622950819672,
      "val_macro_kappa": 0.2101985741582057
    }
  ]
}