{
  "source": "x",
  "model": "modernbert-base-final",
  "use_smote": true,
  "macro_f1": 0.372009721172341,
  "micro_f1": 0.5441176470588235,
  "subset_accuracy": 0.0,
  "hamming_loss": 0.25271739130434784,
  "macro_precision": 0.36793179261171144,
  "macro_recall": 0.5546138468013468,
  "micro_precision": 0.42528735632183906,
  "micro_recall": 0.7551020408163265,
  "best_thresholds": [
    0.35000000000000003,
    0.4,
    0.5,
    0.5,
    0.35000000000000003,
    0.1,
    0.2,
    0.45,
    0.1,
    0.55,
    0.5,
    0.5,
    0.15000000000000002,
    0.25,
    0.15000000000000002,
    0.45
  ],
  "train_size": 1183,
  "val_size": 45,
  "test_size": 92,
  "num_labels": 16,
  "label_f1_scores": {
    "ask a genuine question": 0.25,
    "ask a rhetorical question": 0.625,
    "provide a fact or claim": 0.9720670391061452,
    "provide an observation": 0.0,
    "express their opinion": 0.8524590163934426,
    "express others opinions": 0.136986301369863,
    "money aid allocation": 0.36065573770491804,
    "government critique": 0.3448275862068966,
    "societal critique": 0.2988505747126437,
    "solutions/interventions": 0.5217391304347826,
    "personal interaction": 0.0,
    "media portrayal": 0.42857142857142855,
    "not in my backyard": 0.3050847457627119,
    "harmful generalization": 0.3225806451612903,
    "deserving/undeserving": 0.3333333333333333,
    "racist": 0.2
  },
  "label_precision_scores": {
    "ask a genuine question": 0.2857142857142857,
    "ask a rhetorical question": 0.625,
    "provide a fact or claim": 0.9560439560439561,
    "provide an observation": 0.0,
    "express their opinion": 0.7647058823529411,
    "express others opinions": 0.07575757575757576,
    "money aid allocation": 0.23404255319148937,
    "government critique": 0.2631578947368421,
    "societal critique": 0.17567567567567569,
    "solutions/interventions": 0.631578947368421,
    "personal interaction": 0.0,
    "media portrayal": 0.75,
    "not in my backyard": 0.1836734693877551,
    "harmful generalization": 0.22727272727272727,
    "deserving/undeserving": 0.21428571428571427,
    "racist": 0.5
  },
  "label_recall_scores": {
    "ask a genuine question": 0.2222222222222222,
    "ask a rhetorical question": 0.625,
    "provide a fact or claim": 0.9886363636363636,
    "provide an observation": 0.0,
    "express their opinion": 0.9629629629629629,
    "express others opinions": 0.7142857142857143,
    "money aid allocation": 0.7857142857142857,
    "government critique": 0.5,
    "societal critique": 1.0,
    "solutions/interventions": 0.4444444444444444,
    "personal interaction": 0.0,
    "media portrayal": 0.3,
    "not in my backyard": 0.9,
    "harmful generalization": 0.5555555555555556,
    "deserving/undeserving": 0.75,
    "racist": 0.125
  },
  "label_accuracy_scores": {
    "ask a genuine question": 0.8695652173913043,
    "ask a rhetorical question": 0.9347826086956522,
    "provide a fact or claim": 0.9456521739130435,
    "provide an observation": 0.9782608695652174,
    "express their opinion": 0.8043478260869565,
    "express others opinions": 0.31521739130434784,
    "money aid allocation": 0.5760869565217391,
    "government critique": 0.7934782608695652,
    "societal critique": 0.33695652173913043,
    "solutions/interventions": 0.7608695652173914,
    "personal interaction": 0.967391304347826,
    "media portrayal": 0.8260869565217391,
    "not in my backyard": 0.5543478260869565,
    "harmful generalization": 0.7717391304347826,
    "deserving/undeserving": 0.6086956521739131,
    "racist": 0.9130434782608695
  },
  "label_support_pos": {
    "ask a genuine question": 9,
    "ask a rhetorical question": 8,
    "provide a fact or claim": 88,
    "provide an observation": 2,
    "express their opinion": 54,
    "express others opinions": 7,
    "money aid allocation": 14,
    "government critique": 10,
    "societal critique": 13,
    "solutions/interventions": 27,
    "personal interaction": 3,
    "media portrayal": 20,
    "not in my backyard": 10,
    "harmful generalization": 9,
    "deserving/undeserving": 12,
    "racist": 8
  },
  "label_support_neg": {
    "ask a genuine question": 83,
    "ask a rhetorical question": 84,
    "provide a fact or claim": 4,
    "provide an observation": 90,
    "express their opinion": 38,
    "express others opinions": 85,
    "money aid allocation": 78,
    "government critique": 82,
    "societal critique": 79,
    "solutions/interventions": 65,
    "personal interaction": 89,
    "media portrayal": 72,
    "not in my backyard": 82,
    "harmful generalization": 83,
    "deserving/undeserving": 80,
    "racist": 84
  },
  "label_roc_auc": {
    "ask a genuine question": 0.85809906291834,
    "ask a rhetorical question": 0.8928571428571429,
    "provide a fact or claim": 0.6505681818181819,
    "provide an observation": 0.5944444444444444,
    "express their opinion": 0.8045808966861598,
    "express others opinions": 0.6436974789915966,
    "money aid allocation": 0.7646520146520147,
    "government critique": 0.7658536585365854,
    "societal critique": 0.7916260954235638,
    "solutions/interventions": 0.7202279202279203,
    "personal interaction": 0.6666666666666666,
    "media portrayal": 0.7486111111111111,
    "not in my backyard": 0.7829268292682927,
    "harmful generalization": 0.7991967871485943,
    "deserving/undeserving": 0.715625,
    "racist": 0.7619047619047619
  },
  "label_average_precision": {
    "ask a genuine question": 0.3885686753333812,
    "ask a rhetorical question": 0.47826505602240893,
    "provide a fact or claim": 0.9660622615572707,
    "provide an observation": 0.18036529680365296,
    "express their opinion": 0.8225979192904688,
    "express others opinions": 0.32557512837738173,
    "money aid allocation": 0.5193059453549388,
    "government critique": 0.3530964092713941,
    "societal critique": 0.35039285067782044,
    "solutions/interventions": 0.5668630251481619,
    "personal interaction": 0.12132034632034631,
    "media portrayal": 0.5015218810242948,
    "not in my backyard": 0.43604552932284024,
    "harmful generalization": 0.2433798354088209,
    "deserving/undeserving": 0.2258845497615915,
    "racist": 0.24410724551935375
  },
  "synthetic_counts_per_category": {
    "ask a genuine question": 67,
    "ask a rhetorical question": 68,
    "provide a fact or claim": 0,
    "provide an observation": 86,
    "express their opinion": 0,
    "express others opinions": 78,
    "money aid allocation": 39,
    "government critique": 46,
    "societal critique": 68,
    "solutions/interventions": 0,
    "personal interaction": 87,
    "media portrayal": 45,
    "not in my backyard": 66,
    "harmful generalization": 69,
    "deserving/undeserving": 63,
    "racist": 82
  },
  "total_synthetic_samples": 864
}