{
  "source": "x",
  "model": "modernbert-base-final",
  "use_smote": false,
  "macro_f1": 0.3075156286143266,
  "micro_f1": 0.43820224719101125,
  "subset_accuracy": 0.0,
  "hamming_loss": 0.4076086956521739,
  "macro_precision": 0.23855070641519094,
  "macro_recall": 0.6399518305768306,
  "micro_precision": 0.3023255813953488,
  "micro_recall": 0.7959183673469388,
  "best_thresholds": [
    0.30000000000000004,
    0.2,
    0.7000000000000001,
    0.5,
    0.45,
    0.25,
    0.30000000000000004,
    0.35000000000000003,
    0.30000000000000004,
    0.45,
    0.5,
    0.30000000000000004,
    0.25,
    0.30000000000000004,
    0.30000000000000004,
    0.25
  ],
  "train_size": 319,
  "val_size": 45,
  "test_size": 92,
  "num_labels": 16,
  "label_f1_scores": {
    "ask a genuine question": 0.3333333333333333,
    "ask a rhetorical question": 0.16842105263157894,
    "provide a fact or claim": 0.935672514619883,
    "provide an observation": 0.0,
    "express their opinion": 0.8125,
    "express others opinions": 0.1951219512195122,
    "money aid allocation": 0.2553191489361702,
    "government critique": 0.2545454545454545,
    "societal critique": 0.33962264150943394,
    "solutions/interventions": 0.43137254901960786,
    "personal interaction": 0.0,
    "media portrayal": 0.36036036036036034,
    "not in my backyard": 0.23255813953488372,
    "harmful generalization": 0.23809523809523808,
    "deserving/undeserving": 0.25806451612903225,
    "racist": 0.10526315789473684
  },
  "label_precision_scores": {
    "ask a genuine question": 0.2222222222222222,
    "ask a rhetorical question": 0.09195402298850575,
    "provide a fact or claim": 0.963855421686747,
    "provide an observation": 0.0,
    "express their opinion": 0.7027027027027027,
    "express others opinions": 0.11764705882352941,
    "money aid allocation": 0.15,
    "government critique": 0.15555555555555556,
    "societal critique": 0.225,
    "solutions/interventions": 0.4583333333333333,
    "personal interaction": 0.0,
    "media portrayal": 0.21978021978021978,
    "not in my backyard": 0.13157894736842105,
    "harmful generalization": 0.15151515151515152,
    "deserving/undeserving": 0.16,
    "racist": 0.06666666666666667
  },
  "label_recall_scores": {
    "ask a genuine question": 0.6666666666666666,
    "ask a rhetorical question": 1.0,
    "provide a fact or claim": 0.9090909090909091,
    "provide an observation": 0.0,
    "express their opinion": 0.9629629629629629,
    "express others opinions": 0.5714285714285714,
    "money aid allocation": 0.8571428571428571,
    "government critique": 0.7,
    "societal critique": 0.6923076923076923,
    "solutions/interventions": 0.4074074074074074,
    "personal interaction": 0.0,
    "media portrayal": 1.0,
    "not in my backyard": 1.0,
    "harmful generalization": 0.5555555555555556,
    "deserving/undeserving": 0.6666666666666666,
    "racist": 0.25
  },
  "label_accuracy_scores": {
    "ask a genuine question": 0.7391304347826086,
    "ask a rhetorical question": 0.14130434782608695,
    "provide a fact or claim": 0.8804347826086957,
    "provide an observation": 0.9782608695652174,
    "express their opinion": 0.7391304347826086,
    "express others opinions": 0.6413043478260869,
    "money aid allocation": 0.2391304347826087,
    "government critique": 0.5543478260869565,
    "societal critique": 0.6195652173913043,
    "solutions/interventions": 0.6847826086956522,
    "personal interaction": 0.967391304347826,
    "media portrayal": 0.22826086956521738,
    "not in my backyard": 0.2826086956521739,
    "harmful generalization": 0.6521739130434783,
    "deserving/undeserving": 0.5,
    "racist": 0.6304347826086957
  },
  "label_support_pos": {
    "ask a genuine question": 9,
    "ask a rhetorical question": 8,
    "provide a fact or claim": 88,
    "provide an observation": 2,
    "express their opinion": 54,
    "express others opinions": 7,
    "money aid allocation": 14,
    "government critique": 10,
    "societal critique": 13,
    "solutions/interventions": 27,
    "personal interaction": 3,
    "media portrayal": 20,
    "not in my backyard": 10,
    "harmful generalization": 9,
    "deserving/undeserving": 12,
    "racist": 8
  },
  "label_support_neg": {
    "ask a genuine question": 83,
    "ask a rhetorical question": 84,
    "provide a fact or claim": 4,
    "provide an observation": 90,
    "express their opinion": 38,
    "express others opinions": 85,
    "money aid allocation": 78,
    "government critique": 82,
    "societal critique": 79,
    "solutions/interventions": 65,
    "personal interaction": 89,
    "media portrayal": 72,
    "not in my backyard": 82,
    "harmful generalization": 83,
    "deserving/undeserving": 80,
    "racist": 84
  },
  "label_roc_auc": {
    "ask a genuine question": 0.7336010709504686,
    "ask a rhetorical question": 0.7306547619047619,
    "provide a fact or claim": 0.6193181818181819,
    "provide an observation": 0.7999999999999999,
    "express their opinion": 0.7251461988304093,
    "express others opinions": 0.6134453781512604,
    "money aid allocation": 0.7060439560439561,
    "government critique": 0.6560975609756098,
    "societal critique": 0.6436222005842259,
    "solutions/interventions": 0.6233618233618233,
    "personal interaction": 0.595505617977528,
    "media portrayal": 0.5555555555555556,
    "not in my backyard": 0.6646341463414634,
    "harmful generalization": 0.6974564926372155,
    "deserving/undeserving": 0.528125,
    "racist": 0.45238095238095244
  },
  "label_average_precision": {
    "ask a genuine question": 0.21716673608923287,
    "ask a rhetorical question": 0.18446256475218148,
    "provide a fact or claim": 0.9658153012337916,
    "provide an observation": 0.075,
    "express their opinion": 0.7204870693996681,
    "express others opinions": 0.2830462189729924,
    "money aid allocation": 0.43783181473835564,
    "government critique": 0.16165762841345238,
    "societal critique": 0.2029481117466062,
    "solutions/interventions": 0.4304787014747398,
    "personal interaction": 0.0644036270634736,
    "media portrayal": 0.273322517028732,
    "not in my backyard": 0.17464609064899764,
    "harmful generalization": 0.1977444101100015,
    "deserving/undeserving": 0.17659697304276806,
    "racist": 0.1527150070888573
  },
  "synthetic_counts_per_category": null,
  "total_synthetic_samples": null
}