{
  "source": "x",
  "model": "roberta-base-final",
  "use_smote": false,
  "macro_f1": 0.18174558940093322,
  "micro_f1": 0.4744429882044561,
  "subset_accuracy": 0.0,
  "hamming_loss": 0.27241847826086957,
  "macro_precision": 0.15364415932115422,
  "macro_recall": 0.32060185185185186,
  "micro_precision": 0.3859275053304904,
  "micro_recall": 0.6156462585034014,
  "best_thresholds": [
    0.30000000000000004,
    0.25,
    0.75,
    0.5,
    0.5,
    0.5,
    0.5,
    0.5,
    0.5,
    0.4,
    0.5,
    0.35000000000000003,
    0.5,
    0.25,
    0.30000000000000004,
    0.5
  ],
  "train_size": 319,
  "val_size": 45,
  "test_size": 92,
  "num_labels": 16,
  "label_f1_scores": {
    "ask a genuine question": 0.2857142857142857,
    "ask a rhetorical question": 0.16161616161616163,
    "provide a fact or claim": 0.9777777777777777,
    "provide an observation": 0.0,
    "express their opinion": 0.8363636363636363,
    "express others opinions": 0.0,
    "money aid allocation": 0.0,
    "government critique": 0.0,
    "societal critique": 0.0,
    "solutions/interventions": 0.453781512605042,
    "personal interaction": 0.0,
    "media portrayal": 0.0,
    "not in my backyard": 0.0,
    "harmful generalization": 0.11267605633802817,
    "deserving/undeserving": 0.08,
    "racist": 0.0
  },
  "label_precision_scores": {
    "ask a genuine question": 0.18181818181818182,
    "ask a rhetorical question": 0.08791208791208792,
    "provide a fact or claim": 0.9565217391304348,
    "provide an observation": 0.0,
    "express their opinion": 0.8214285714285714,
    "express others opinions": 0.0,
    "money aid allocation": 0.0,
    "government critique": 0.0,
    "societal critique": 0.0,
    "solutions/interventions": 0.29347826086956524,
    "personal interaction": 0.0,
    "media portrayal": 0.0,
    "not in my backyard": 0.0,
    "harmful generalization": 0.06451612903225806,
    "deserving/undeserving": 0.05263157894736842,
    "racist": 0.0
  },
  "label_recall_scores": {
    "ask a genuine question": 0.6666666666666666,
    "ask a rhetorical question": 1.0,
    "provide a fact or claim": 1.0,
    "provide an observation": 0.0,
    "express their opinion": 0.8518518518518519,
    "express others opinions": 0.0,
    "money aid allocation": 0.0,
    "government critique": 0.0,
    "societal critique": 0.0,
    "solutions/interventions": 1.0,
    "personal interaction": 0.0,
    "media portrayal": 0.0,
    "not in my backyard": 0.0,
    "harmful generalization": 0.4444444444444444,
    "deserving/undeserving": 0.16666666666666666,
    "racist": 0.0
  },
  "label_accuracy_scores": {
    "ask a genuine question": 0.6739130434782609,
    "ask a rhetorical question": 0.09782608695652174,
    "provide a fact or claim": 0.9565217391304348,
    "provide an observation": 0.9782608695652174,
    "express their opinion": 0.8043478260869565,
    "express others opinions": 0.9239130434782609,
    "money aid allocation": 0.8478260869565217,
    "government critique": 0.8913043478260869,
    "societal critique": 0.8586956521739131,
    "solutions/interventions": 0.29347826086956524,
    "personal interaction": 0.967391304347826,
    "media portrayal": 0.7282608695652174,
    "not in my backyard": 0.8913043478260869,
    "harmful generalization": 0.31521739130434784,
    "deserving/undeserving": 0.5,
    "racist": 0.9130434782608695
  },
  "label_support_pos": {
    "ask a genuine question": 9,
    "ask a rhetorical question": 8,
    "provide a fact or claim": 88,
    "provide an observation": 2,
    "express their opinion": 54,
    "express others opinions": 7,
    "money aid allocation": 14,
    "government critique": 10,
    "societal critique": 13,
    "solutions/interventions": 27,
    "personal interaction": 3,
    "media portrayal": 20,
    "not in my backyard": 10,
    "harmful generalization": 9,
    "deserving/undeserving": 12,
    "racist": 8
  },
  "label_support_neg": {
    "ask a genuine question": 83,
    "ask a rhetorical question": 84,
    "provide a fact or claim": 4,
    "provide an observation": 90,
    "express their opinion": 38,
    "express others opinions": 85,
    "money aid allocation": 78,
    "government critique": 82,
    "societal critique": 79,
    "solutions/interventions": 65,
    "personal interaction": 89,
    "media portrayal": 72,
    "not in my backyard": 82,
    "harmful generalization": 83,
    "deserving/undeserving": 80,
    "racist": 84
  },
  "label_roc_auc": {
    "ask a genuine question": 0.6613119143239625,
    "ask a rhetorical question": 0.7053571428571429,
    "provide a fact or claim": 0.6022727272727273,
    "provide an observation": 0.48333333333333334,
    "express their opinion": 0.793859649122807,
    "express others opinions": 0.6672268907563026,
    "money aid allocation": 0.695054945054945,
    "government critique": 0.6353658536585366,
    "societal critique": 0.6153846153846154,
    "solutions/interventions": 0.8301994301994302,
    "personal interaction": 0.4681647940074906,
    "media portrayal": 0.6958333333333333,
    "not in my backyard": 0.46341463414634143,
    "harmful generalization": 0.3186077643908969,
    "deserving/undeserving": 0.5114583333333333,
    "racist": 0.34523809523809523
  },
  "label_average_precision": {
    "ask a genuine question": 0.15393455491494706,
    "ask a rhetorical question": 0.1925756276991742,
    "provide a fact or claim": 0.965805684601962,
    "provide an observation": 0.06704980842911877,
    "express their opinion": 0.7793752254055966,
    "express others opinions": 0.3499013825321965,
    "money aid allocation": 0.38981356261672484,
    "government critique": 0.20167928679546748,
    "societal critique": 0.2104988113417113,
    "solutions/interventions": 0.6892860069653475,
    "personal interaction": 0.03951557752889606,
    "media portrayal": 0.33873362706353505,
    "not in my backyard": 0.12820339095612218,
    "harmful generalization": 0.07483972806139848,
    "deserving/undeserving": 0.13681207147880034,
    "racist": 0.08350028511965735
  },
  "synthetic_counts_per_category": null,
  "total_synthetic_samples": null
}