{
  "source": "x",
  "model": "roberta-base-final",
  "use_smote": true,
  "macro_f1": 0.4756794170445486,
  "micro_f1": 0.661849710982659,
  "subset_accuracy": 0.05434782608695652,
  "hamming_loss": 0.15896739130434784,
  "macro_precision": 0.5078987878291146,
  "macro_recall": 0.5999275030525031,
  "micro_precision": 0.5753768844221105,
  "micro_recall": 0.7789115646258503,
  "best_thresholds": [
    0.30000000000000004,
    0.35000000000000003,
    0.65,
    0.5,
    0.4,
    0.35000000000000003,
    0.55,
    0.35000000000000003,
    0.35000000000000003,
    0.45,
    0.5,
    0.4,
    0.30000000000000004,
    0.35000000000000003,
    0.30000000000000004,
    0.45
  ],
  "train_size": 1183,
  "val_size": 45,
  "test_size": 92,
  "num_labels": 16,
  "label_f1_scores": {
    "ask a genuine question": 0.5,
    "ask a rhetorical question": 0.5833333333333334,
    "provide a fact or claim": 0.9777777777777777,
    "provide an observation": 0.0,
    "express their opinion": 0.8214285714285714,
    "express others opinions": 0.18181818181818182,
    "money aid allocation": 0.5,
    "government critique": 0.5,
    "societal critique": 0.32432432432432434,
    "solutions/interventions": 0.676923076923077,
    "personal interaction": 0.5,
    "media portrayal": 0.5416666666666666,
    "not in my backyard": 0.47368421052631576,
    "harmful generalization": 0.5,
    "deserving/undeserving": 0.3076923076923077,
    "racist": 0.2222222222222222
  },
  "label_precision_scores": {
    "ask a genuine question": 0.34782608695652173,
    "ask a rhetorical question": 0.4375,
    "provide a fact or claim": 0.9565217391304348,
    "provide an observation": 0.0,
    "express their opinion": 0.7931034482758621,
    "express others opinions": 0.13333333333333333,
    "money aid allocation": 0.8333333333333334,
    "government critique": 0.3333333333333333,
    "societal critique": 0.25,
    "solutions/interventions": 0.5789473684210527,
    "personal interaction": 1.0,
    "media portrayal": 0.4642857142857143,
    "not in my backyard": 0.32142857142857145,
    "harmful generalization": 0.45454545454545453,
    "deserving/undeserving": 0.2222222222222222,
    "racist": 1.0
  },
  "label_recall_scores": {
    "ask a genuine question": 0.8888888888888888,
    "ask a rhetorical question": 0.875,
    "provide a fact or claim": 1.0,
    "provide an observation": 0.0,
    "express their opinion": 0.8518518518518519,
    "express others opinions": 0.2857142857142857,
    "money aid allocation": 0.35714285714285715,
    "government critique": 1.0,
    "societal critique": 0.46153846153846156,
    "solutions/interventions": 0.8148148148148148,
    "personal interaction": 0.3333333333333333,
    "media portrayal": 0.65,
    "not in my backyard": 0.9,
    "harmful generalization": 0.5555555555555556,
    "deserving/undeserving": 0.5,
    "racist": 0.125
  },
  "label_accuracy_scores": {
    "ask a genuine question": 0.8260869565217391,
    "ask a rhetorical question": 0.8913043478260869,
    "provide a fact or claim": 0.9565217391304348,
    "provide an observation": 0.9782608695652174,
    "express their opinion": 0.782608695652174,
    "express others opinions": 0.8043478260869565,
    "money aid allocation": 0.8913043478260869,
    "government critique": 0.782608695652174,
    "societal critique": 0.7282608695652174,
    "solutions/interventions": 0.7717391304347826,
    "personal interaction": 0.9782608695652174,
    "media portrayal": 0.7608695652173914,
    "not in my backyard": 0.782608695652174,
    "harmful generalization": 0.8913043478260869,
    "deserving/undeserving": 0.7065217391304348,
    "racist": 0.9239130434782609
  },
  "label_support_pos": {
    "ask a genuine question": 9,
    "ask a rhetorical question": 8,
    "provide a fact or claim": 88,
    "provide an observation": 2,
    "express their opinion": 54,
    "express others opinions": 7,
    "money aid allocation": 14,
    "government critique": 10,
    "societal critique": 13,
    "solutions/interventions": 27,
    "personal interaction": 3,
    "media portrayal": 20,
    "not in my backyard": 10,
    "harmful generalization": 9,
    "deserving/undeserving": 12,
    "racist": 8
  },
  "label_support_neg": {
    "ask a genuine question": 83,
    "ask a rhetorical question": 84,
    "provide a fact or claim": 4,
    "provide an observation": 90,
    "express their opinion": 38,
    "express others opinions": 85,
    "money aid allocation": 78,
    "government critique": 82,
    "societal critique": 79,
    "solutions/interventions": 65,
    "personal interaction": 89,
    "media portrayal": 72,
    "not in my backyard": 82,
    "harmful generalization": 83,
    "deserving/undeserving": 80,
    "racist": 84
  },
  "label_roc_auc": {
    "ask a genuine question": 0.9303882195448461,
    "ask a rhetorical question": 0.9330357142857142,
    "provide a fact or claim": 0.6875,
    "provide an observation": 0.7555555555555555,
    "express their opinion": 0.838206627680312,
    "express others opinions": 0.611764705882353,
    "money aid allocation": 0.8836996336996337,
    "government critique": 0.8878048780487805,
    "societal critique": 0.7526777020447907,
    "solutions/interventions": 0.8507122507122507,
    "personal interaction": 0.6928838951310862,
    "media portrayal": 0.7979166666666667,
    "not in my backyard": 0.9329268292682926,
    "harmful generalization": 0.9062918340026773,
    "deserving/undeserving": 0.7385416666666667,
    "racist": 0.7142857142857143
  },
  "label_average_precision": {
    "ask a genuine question": 0.6466960843772438,
    "ask a rhetorical question": 0.5677849927849927,
    "provide a fact or claim": 0.9732052161064704,
    "provide an observation": 0.08187134502923976,
    "express their opinion": 0.8701868223377245,
    "express others opinions": 0.31605363093854144,
    "money aid allocation": 0.6179261148904006,
    "government critique": 0.4319405594405594,
    "societal critique": 0.3405524945122062,
    "solutions/interventions": 0.685211814529452,
    "personal interaction": 0.4788617886178862,
    "media portrayal": 0.5379322113491175,
    "not in my backyard": 0.6347977470558115,
    "harmful generalization": 0.5107760141093474,
    "deserving/undeserving": 0.263271913870119,
    "racist": 0.28981720174404413
  },
  "synthetic_counts_per_category": {
    "ask a genuine question": 67,
    "ask a rhetorical question": 68,
    "provide a fact or claim": 0,
    "provide an observation": 86,
    "express their opinion": 0,
    "express others opinions": 78,
    "money aid allocation": 39,
    "government critique": 46,
    "societal critique": 68,
    "solutions/interventions": 0,
    "personal interaction": 87,
    "media portrayal": 45,
    "not in my backyard": 66,
    "harmful generalization": 69,
    "deserving/undeserving": 63,
    "racist": 82
  },
  "total_synthetic_samples": 864
}